recordedAt,seq,slot,ok,rssi,lat,lng
2026-08-12T16:46:19.823Z,71,1,false,-100,-2.2310838,-80.8623335
2026-08-12T16:46:20.249Z,71,6,true,-40,-2.2311085,-80.8623349
2026-08-12T16:46:20.283Z,71,3,true,-40,-2.2311085,-80.8623349
2026-08-12T16:46:20.301Z,71,2,false,-100,-2.2311085,-80.8623349
2026-08-12T16:46:22.192Z,72,2,false,-100,-2.231118,-80.8623354
2026-08-12T16:46:22.237Z,72,1,false,-100,-2.231118,-80.8623354
2026-08-12T16:46:23.643Z,72,3,true,-64,-2.2311294,-80.8623363
2026-08-12T16:46:23.672Z,72,6,true,-40,-2.2311294,-80.8623363
2026-08-12T16:46:26.330Z,73,1,false,-100,-2.2311355,-80.8623365
2026-08-12T16:46:26.370Z,73,2,false,-100,-2.2311355,-80.8623365
2026-08-12T16:46:27.533Z,73,6,true,-40,-2.2311411,-80.8623378
2026-08-12T16:46:27.567Z,73,3,true,-40,-2.2311411,-80.8623378
2026-08-12T16:46:30.261Z,74,2,false,-100,-2.2311459,-80.8623388
2026-08-12T16:46:30.306Z,74,1,false,-100,-2.2311459,-80.8623388
2026-08-12T16:46:31.585Z,74,3,true,-61,-2.2311483,-80.8623397
2026-08-12T16:46:31.625Z,74,6,true,-40,-2.2311483,-80.8623397
2026-08-12T16:46:34.260Z,75,1,false,-100,-2.2311502,-80.8623401
2026-08-12T16:46:34.304Z,75,2,false,-100,-2.2311502,-80.8623401
2026-08-12T16:46:35.605Z,75,6,true,-40,-2.2311511,-80.8623407
2026-08-12T16:46:35.648Z,75,3,true,-52,-2.2311511,-80.8623407
2026-08-12T16:46:38.274Z,76,1,false,-100,-2.2311516,-80.8623411
2026-08-12T16:46:38.319Z,76,2,false,-100,-2.2311516,-80.8623411
2026-08-12T16:46:39.504Z,76,3,true,-40,-2.2311521,-80.8623413
2026-08-12T16:46:39.544Z,76,6,true,-40,-2.2311521,-80.8623413
2026-08-12T16:46:42.309Z,77,1,false,-100,-2.2311536,-80.8623424
2026-08-12T16:46:42.361Z,77,2,false,-100,-2.2311536,-80.8623424
2026-08-12T16:46:43.865Z,77,6,true,-40,-2.2311542,-80.862343
2026-08-12T16:46:43.887Z,77,3,false,-100,-2.2311542,-80.862343
2026-08-12T16:46:46.325Z,78,2,false,-100,-2.2311546,-80.8623431
2026-08-12T16:46:46.366Z,78,1,false,-100,-2.2311546,-80.8623431
2026-08-12T16:46:47.519Z,78,3,true,-69,-2.2311549,-80.8623437
2026-08-12T16:46:47.558Z,78,6,true,-40,-2.2311549,-80.8623437
2026-08-12T16:46:49.280Z,79,1,false,-100,-2.231155,-80.8623438
2026-08-12T16:46:51.034Z,79,3,true,-81,-2.2311551,-80.8623437
2026-08-12T16:46:51.053Z,79,2,false,-100,-2.2311551,-80.8623437
2026-08-12T16:46:51.240Z,79,6,true,-40,-2.2311551,-80.8623437
2026-08-12T16:46:54.358Z,80,2,false,-100,-2.231155,-80.8623453
2026-08-12T16:46:54.408Z,80,1,false,-100,-2.231155,-80.8623453
2026-08-12T16:46:55.810Z,80,6,true,-40,-2.231155,-80.8623459
2026-08-12T16:46:55.856Z,80,3,false,-100,-2.231155,-80.8623459
2026-08-12T16:46:58.275Z,81,1,false,-100,-2.231155,-80.8623463
2026-08-12T16:46:58.315Z,81,2,false,-100,-2.231155,-80.8623463
2026-08-12T16:46:59.246Z,81,3,false,-88,-2.2311547,-80.8623448
2026-08-12T16:46:59.287Z,81,6,true,-40,-2.2311547,-80.8623448
2026-08-12T16:47:02.321Z,82,2,false,-100,-2.2311564,-80.8623432
2026-08-12T16:47:02.358Z,82,1,false,-100,-2.2311564,-80.8623432
2026-08-12T16:47:03.644Z,82,6,true,-40,-2.231157,-80.8623451
2026-08-12T16:47:03.689Z,82,3,true,-69,-2.231157,-80.8623451
2026-08-12T16:47:06.071Z,83,2,false,-100,-2.2311572,-80.8623454
2026-08-12T16:47:06.114Z,83,1,false,-100,-2.2311572,-80.8623454
2026-08-12T16:47:06.760Z,83,3,false,-88,-2.2311573,-80.8623459
2026-08-12T16:47:07.242Z,83,6,true,-40,-2.2311573,-80.8623461
2026-08-12T16:47:10.289Z,84,1,false,-100,-2.2311565,-80.8623447
2026-08-12T16:47:10.336Z,84,2,false,-100,-2.2311565,-80.8623447
2026-08-12T16:47:11.407Z,84,3,false,-100,-2.2311575,-80.8623446
2026-08-12T16:47:11.467Z,84,6,true,-40,-2.2311575,-80.8623446
2026-08-12T16:47:14.298Z,85,2,false,-100,-2.2311573,-80.8623443
2026-08-12T16:47:14.348Z,85,1,false,-100,-2.2311573,-80.8623443
2026-08-12T16:47:14.904Z,85,3,false,-100,-2.2311574,-80.8623445
2026-08-12T16:47:15.379Z,85,6,true,-49,-2.2311573,-80.8623446
2026-08-12T16:47:17.960Z,86,1,false,-100,-2.2311572,-80.8623432
2026-08-12T16:47:17.983Z,86,2,false,-100,-2.2311572,-80.8623432
2026-08-12T16:47:18.803Z,86,3,false,-88,-2.231157,-80.8623434
2026-08-12T16:47:19.692Z,86,6,true,-40,-2.2311571,-80.8623433
2026-08-12T16:47:22.181Z,87,2,false,-100,-2.2311564,-80.8623422
2026-08-12T16:47:22.245Z,87,1,false,-100,-2.2311564,-80.8623422
2026-08-12T16:47:23.239Z,87,3,true,-45,-2.2311564,-80.8623421
2026-08-12T16:47:23.286Z,87,6,true,-40,-2.2311564,-80.8623421
2026-08-12T16:47:28.265Z,88,6,true,-40,-2.2311584,-80.8623425
2026-08-12T16:47:28.291Z,88,2,false,-100,-2.2311584,-80.8623425
2026-08-12T16:47:28.297Z,88,3,true,-49,-2.2311584,-80.8623425
2026-08-12T16:47:28.305Z,88,1,false,-100,-2.2311584,-80.8623425
2026-08-12T16:47:30.295Z,89,2,false,-100,-2.231158,-80.8623453
2026-08-12T16:47:30.327Z,89,1,false,-100,-2.231158,-80.8623453
2026-08-12T16:47:31.885Z,89,3,false,-100,-2.2311585,-80.8623449
2026-08-12T16:47:31.924Z,89,6,true,-49,-2.2311585,-80.8623449
2026-08-12T16:47:34.290Z,90,1,false,-100,-2.2311577,-80.8623434
2026-08-12T16:47:34.328Z,90,2,false,-100,-2.2311577,-80.8623434
2026-08-12T16:47:35.625Z,90,3,true,-52,-2.2311563,-80.8623433
2026-08-12T16:47:35.666Z,90,6,true,-40,-2.2311563,-80.8623433
2026-08-12T16:47:38.169Z,91,2,false,-100,-2.231156,-80.8623432
2026-08-12T16:47:38.223Z,91,1,false,-100,-2.231156,-80.8623432
2026-08-12T16:47:38.871Z,91,6,true,-40,-2.2311559,-80.8623434
2026-08-12T16:47:38.902Z,91,3,true,-40,-2.2311559,-80.8623434
2026-08-12T16:47:42.338Z,92,2,false,-100,-2.2311556,-80.8623433
2026-08-12T16:47:42.363Z,92,1,false,-100,-2.2311556,-80.8623433
2026-08-12T16:47:43.530Z,92,3,true,-40,-2.2311555,-80.8623436
2026-08-12T16:47:43.546Z,92,6,true,-57,-2.2311555,-80.8623436
2026-08-12T16:47:46.366Z,93,1,false,-100,-2.2311553,-80.8623438
2026-08-12T16:47:46.378Z,93,2,false,-100,-2.2311553,-80.8623438
2026-08-12T16:47:47.539Z,93,6,true,-40,-2.2311553,-80.8623439
2026-08-12T16:47:47.581Z,93,3,true,-40,-2.2311553,-80.8623439
2026-08-12T16:47:49.909Z,94,1,false,-100,-2.2311549,-80.8623441
2026-08-12T16:47:50.729Z,94,3,true,-40,-2.2311548,-80.8623438
2026-08-12T16:47:50.790Z,94,2,false,-100,-2.2311548,-80.8623438
2026-08-12T16:47:51.374Z,94,6,true,-40,-2.2311487,-80.8623384
2026-08-12T16:47:53.364Z,95,1,false,-100,-2.231148,-80.8623377
2026-08-12T16:47:54.902Z,95,3,true,-40,-2.2311478,-80.8623372
2026-08-12T16:47:54.909Z,95,6,true,-40,-2.2311478,-80.8623372
2026-08-12T16:47:54.969Z,95,2,false,-100,-2.2311478,-80.8623372
2026-08-12T16:47:58.276Z,96,2,false,-100,-2.2311538,-80.8623402
2026-08-12T16:47:58.299Z,96,1,false,-100,-2.2311538,-80.8623402
2026-08-12T16:47:59.511Z,96,6,true,-40,-2.2311574,-80.8623436
2026-08-12T16:47:59.543Z,96,3,true,-40,-2.2311574,-80.8623436
2026-08-12T16:48:02.281Z,97,1,false,-100,-2.2311603,-80.8623439
2026-08-12T16:48:02.322Z,97,2,false,-100,-2.2311603,-80.8623439
2026-08-12T16:48:03.280Z,97,6,true,-40,-2.2311617,-80.8623366
2026-08-12T16:48:03.322Z,97,3,true,-40,-2.2311617,-80.8623366
2026-08-12T16:48:06.363Z,98,1,false,-100,-2.2311622,-80.8623334
2026-08-12T16:48:06.405Z,98,2,false,-100,-2.2311622,-80.8623334
2026-08-12T16:48:06.913Z,98,3,false,-100,-2.2311623,-80.8623355
2026-08-12T16:48:08.260Z,98,6,true,-40,-2.2311631,-80.8623375
2026-08-12T16:48:09.179Z,99,1,false,-100,-2.2311626,-80.8623367
2026-08-12T16:48:11.075Z,99,2,false,-100,-2.2311616,-80.8623376
2026-08-12T16:48:11.106Z,99,3,false,-100,-2.2311616,-80.8623376
2026-08-12T16:48:11.366Z,99,6,true,-40,-2.2311613,-80.8623388
2026-08-12T16:48:14.092Z,100,1,false,-100,-2.2311611,-80.8623375
2026-08-12T16:48:14.145Z,100,2,false,-100,-2.2311611,-80.8623375
2026-08-12T16:48:14.850Z,100,3,false,-100,-2.2311611,-80.8623381
2026-08-12T16:48:15.702Z,100,6,true,-40,-2.231161,-80.8623378
2026-08-12T16:48:17.851Z,101,1,false,-100,-2.2311606,-80.8623364
2026-08-12T16:48:18.811Z,101,2,false,-100,-2.23116,-80.8623416
2026-08-12T16:48:18.831Z,101,3,false,-100,-2.23116,-80.8623416
2026-08-12T16:48:20.564Z,101,6,true,-40,-2.2312191,-80.8622912
2026-08-12T16:48:21.684Z,102,1,false,-100,-2.2312279,-80.8622846
2026-08-12T16:48:22.536Z,102,2,false,-100,-2.2312312,-80.8622814
2026-08-12T16:48:23.524Z,102,3,false,-100,-2.2312331,-80.8622788
2026-08-12T16:48:23.567Z,102,6,true,-40,-2.2312331,-80.8622788
2026-08-12T16:48:27.249Z,103,6,true,-40,-2.2311923,-80.8623096
2026-08-12T16:48:27.279Z,103,2,false,-100,-2.2311923,-80.8623096
2026-08-12T16:48:27.290Z,103,3,false,-100,-2.2311923,-80.8623096
2026-08-12T16:48:27.297Z,103,1,false,-100,-2.2311923,-80.8623096
2026-08-12T16:48:30.302Z,104,1,false,-100,-2.2313833,-80.8621902
2026-08-12T16:48:30.342Z,104,2,false,-100,-2.2313833,-80.8621902
2026-08-12T16:48:31.279Z,104,3,false,-100,-2.2313996,-80.862182
2026-08-12T16:48:31.339Z,104,6,true,-45,-2.2313996,-80.862182
2026-08-12T16:48:34.330Z,105,1,false,-100,-2.2315212,-80.8621493
2026-08-12T16:48:34.345Z,105,2,false,-100,-2.2315212,-80.8621493
2026-08-12T16:48:35.895Z,105,3,false,-100,-2.2315556,-80.8621434
2026-08-12T16:48:35.928Z,105,6,true,-40,-2.2315556,-80.8621434
2026-08-12T16:48:38.331Z,106,1,false,-100,-2.2315735,-80.8621362
2026-08-12T16:48:38.367Z,106,2,false,-100,-2.2315735,-80.8621362
2026-08-12T16:48:39.903Z,106,6,true,-40,-2.2315814,-80.862136
2026-08-12T16:48:39.943Z,106,3,false,-100,-2.2315814,-80.862136
2026-08-12T16:48:42.088Z,107,1,false,-100,-2.231582,-80.862133
2026-08-12T16:48:42.133Z,107,2,false,-100,-2.231582,-80.862133
2026-08-12T16:48:42.891Z,107,3,false,-100,-2.2315815,-80.8621326
2026-08-12T16:48:43.817Z,107,6,true,-40,-2.2315812,-80.8621322
2026-08-12T16:48:45.307Z,108,1,false,-100,-2.231581,-80.8621296
2026-08-12T16:48:46.854Z,108,2,false,-100,-2.2315805,-80.862136
2026-08-12T16:48:46.889Z,108,3,false,-100,-2.2315805,-80.862136
2026-08-12T16:48:48.408Z,108,6,true,-40,-2.2315856,-80.8621332
2026-08-12T16:48:50.365Z,109,2,false,-100,-2.2315861,-80.862138
2026-08-12T16:48:50.404Z,109,1,false,-100,-2.2315861,-80.862138
2026-08-12T16:48:51.868Z,109,6,true,-40,-2.2315865,-80.8621351
2026-08-12T16:48:51.905Z,109,3,false,-100,-2.2315865,-80.8621351
2026-08-12T16:48:53.297Z,110,1,false,-100,-2.2315868,-80.8621343
2026-08-12T16:48:55.180Z,110,2,false,-100,-2.2315873,-80.8621339
2026-08-12T16:48:55.186Z,110,3,false,-100,-2.2315873,-80.8621339
2026-08-12T16:48:56.267Z,110,6,true,-40,-2.2315887,-80.8621344
2026-08-12T16:48:58.140Z,111,1,false,-100,-2.2315893,-80.8621344
2026-08-12T16:48:58.182Z,111,2,false,-100,-2.2315893,-80.8621344
2026-08-12T16:48:59.466Z,111,6,true,-61,-2.2315894,-80.8621347
2026-08-12T16:48:59.519Z,111,3,false,-100,-2.2315894,-80.8621347
2026-08-12T16:49:02.288Z,112,2,false,-100,-2.2315891,-80.8621347
2026-08-12T16:49:02.330Z,112,1,false,-100,-2.2315891,-80.8621347
2026-08-12T16:49:02.857Z,112,3,false,-100,-2.2316014,-80.8621536
2026-08-12T16:49:03.780Z,112,6,true,-40,-2.2316045,-80.8621617
2026-08-12T16:49:05.726Z,113,1,false,-100,-2.2316057,-80.8621619
2026-08-12T16:49:06.233Z,113,2,false,-100,-2.2316054,-80.8621628
2026-08-12T16:49:07.669Z,113,6,true,-40,-2.2316052,-80.8621619
2026-08-12T16:49:07.713Z,113,3,false,-100,-2.2316052,-80.8621619
2026-08-12T16:49:09.290Z,114,1,false,-100,-2.2316048,-80.8621612
2026-08-12T16:49:10.997Z,114,2,false,-100,-2.2316051,-80.862161
2026-08-12T16:49:11.059Z,114,3,false,-100,-2.2316051,-80.862161
2026-08-12T16:49:11.697Z,114,6,true,-40,-2.2316052,-80.8621619
2026-08-12T16:49:13.310Z,115,1,false,-100,-2.231605,-80.8621606
2026-08-12T16:49:15.241Z,115,3,false,-100,-2.231609,-80.8621437
2026-08-12T16:49:15.284Z,115,2,false,-100,-2.231609,-80.8621437
2026-08-12T16:49:16.476Z,115,6,true,-52,-2.2316222,-80.8621007
2026-08-12T16:49:18.317Z,116,2,false,-100,-2.2316387,-80.8620542
2026-08-12T16:49:18.354Z,116,1,false,-100,-2.2316387,-80.8620542
2026-08-12T16:49:19.562Z,116,6,true,-49,-2.2316459,-80.8620404
2026-08-12T16:49:19.603Z,116,3,false,-100,-2.2316459,-80.8620404
2026-08-12T16:49:21.334Z,117,1,false,-100,-2.2316556,-80.8620233
2026-08-12T16:49:23.108Z,117,2,false,-100,-2.2316658,-80.8620017
2026-08-12T16:49:23.151Z,117,3,false,-100,-2.2316658,-80.8620017
2026-08-12T16:49:24.504Z,117,6,true,-57,-2.231708,-80.8620426
2026-08-12T16:49:26.348Z,118,2,false,-100,-2.2317326,-80.8620938
2026-08-12T16:49:26.392Z,118,1,false,-100,-2.2317326,-80.8620938
2026-08-12T16:49:27.747Z,118,6,true,-73,-2.2317398,-80.8621099
2026-08-12T16:49:27.785Z,118,3,true,-73,-2.2317398,-80.8621099
2026-08-12T16:49:30.388Z,119,2,false,-100,-2.2317414,-80.8621078
2026-08-12T16:49:30.427Z,119,1,false,-100,-2.2317414,-80.8621078
2026-08-12T16:49:31.916Z,119,6,false,-100,-2.2317396,-80.8621065
2026-08-12T16:49:31.956Z,119,3,false,-100,-2.2317396,-80.8621065
2026-08-12T16:49:34.372Z,120,1,false,-100,-2.2317382,-80.8621046
2026-08-12T16:49:34.392Z,120,2,false,-100,-2.2317382,-80.8621046
2026-08-12T16:49:35.883Z,120,3,false,-100,-2.2317373,-80.8621027
2026-08-12T16:49:35.932Z,120,6,true,-64,-2.2317373,-80.8621027
2026-08-12T16:49:38.354Z,121,2,false,-100,-2.2317368,-80.862101
2026-08-12T16:49:38.396Z,121,1,false,-100,-2.2317368,-80.862101
2026-08-12T16:49:39.854Z,121,6,false,-100,-2.2317324,-80.8620917
2026-08-12T16:49:39.868Z,121,3,false,-100,-2.2317324,-80.8620917
2026-08-12T16:49:42.374Z,122,1,false,-100,-2.2317302,-80.8620869
2026-08-12T16:49:42.408Z,122,2,false,-100,-2.2317302,-80.8620869
2026-08-12T16:49:43.885Z,122,3,false,-100,-2.2317293,-80.862083
2026-08-12T16:49:43.926Z,122,6,true,-40,-2.2317293,-80.862083
2026-08-12T16:49:46.389Z,123,2,false,-100,-2.2317285,-80.862079
2026-08-12T16:49:46.436Z,123,1,false,-100,-2.2317285,-80.862079
2026-08-12T16:49:47.895Z,123,3,false,-100,-2.2317283,-80.8620766
2026-08-12T16:49:47.940Z,123,6,true,-45,-2.2317283,-80.8620766
2026-08-12T16:49:50.319Z,124,2,false,-100,-2.2317279,-80.8620752
2026-08-12T16:49:50.348Z,124,1,false,-100,-2.2317279,-80.8620752
2026-08-12T16:49:51.863Z,124,3,false,-93,-2.2317263,-80.8620732
2026-08-12T16:49:51.903Z,124,6,true,-73,-2.2317263,-80.8620732
2026-08-12T16:49:54.333Z,125,2,false,-100,-2.2317268,-80.862073
2026-08-12T16:49:54.372Z,125,1,false,-100,-2.2317268,-80.862073
2026-08-12T16:49:55.912Z,125,6,true,-40,-2.2317267,-80.8620722
2026-08-12T16:49:55.947Z,125,3,false,-100,-2.2317267,-80.8620722
2026-08-12T16:49:58.316Z,126,1,false,-100,-2.2317268,-80.8620722
2026-08-12T16:49:58.343Z,126,2,false,-100,-2.2317268,-80.8620722
2026-08-12T16:49:59.848Z,126,6,true,-93,-2.2317267,-80.8620719
2026-08-12T16:49:59.903Z,126,3,false,-100,-2.2317267,-80.8620719
2026-08-12T16:50:02.310Z,127,2,false,-100,-2.2317266,-80.8620703
2026-08-12T16:50:02.346Z,127,1,false,-100,-2.2317266,-80.8620703
2026-08-12T16:50:03.918Z,127,6,true,-45,-2.2317266,-80.8620692
2026-08-12T16:50:03.948Z,127,3,false,-100,-2.2317266,-80.8620692
2026-08-12T16:50:06.362Z,128,2,false,-100,-2.2317263,-80.8620684
2026-08-12T16:50:06.393Z,128,1,false,-100,-2.2317263,-80.8620684
2026-08-12T16:50:07.940Z,128,3,false,-100,-2.2317262,-80.8620677
2026-08-12T16:50:07.986Z,128,6,true,-52,-2.2317262,-80.8620677
2026-08-12T16:50:10.338Z,129,2,false,-100,-2.231726,-80.8620669
2026-08-12T16:50:10.374Z,129,1,false,-100,-2.231726,-80.8620669
2026-08-12T16:50:11.944Z,129,6,true,-52,-2.231726,-80.8620665
2026-08-12T16:50:11.987Z,129,3,false,-100,-2.231726,-80.8620665
2026-08-12T16:50:14.354Z,130,1,false,-100,-2.2317257,-80.8620659
2026-08-12T16:50:14.396Z,130,2,false,-100,-2.2317257,-80.8620659
2026-08-12T16:50:15.936Z,130,3,false,-100,-2.2317255,-80.8620657
2026-08-12T16:50:15.983Z,130,6,true,-40,-2.2317255,-80.8620657
2026-08-12T16:50:18.378Z,131,1,false,-100,-2.2317253,-80.8620655
2026-08-12T16:50:18.421Z,131,2,false,-100,-2.2317253,-80.8620655
2026-08-12T16:50:19.934Z,131,6,true,-69,-2.2317254,-80.8620649
2026-08-12T16:50:19.974Z,131,3,false,-100,-2.2317254,-80.8620649
2026-08-12T16:50:22.378Z,132,1,false,-100,-2.2317255,-80.8620644
2026-08-12T16:50:22.408Z,132,2,false,-100,-2.2317255,-80.8620644
2026-08-12T16:50:23.990Z,132,3,false,-100,-2.2317254,-80.8620639
2026-08-12T16:50:24.036Z,132,6,true,-73,-2.2317254,-80.8620639
2026-08-12T16:50:26.399Z,133,2,false,-100,-2.2317256,-80.8620641
2026-08-12T16:50:26.431Z,133,1,false,-100,-2.2317256,-80.8620641
2026-08-12T16:50:27.924Z,133,3,false,-100,-2.2317257,-80.8620639
2026-08-12T16:50:27.971Z,133,6,true,-40,-2.2317257,-80.8620639
2026-08-12T16:50:30.364Z,134,1,false,-100,-2.2317257,-80.8620637
2026-08-12T16:50:30.404Z,134,2,false,-100,-2.2317257,-80.8620637
2026-08-12T16:50:31.953Z,134,3,false,-100,-2.2317256,-80.8620638
2026-08-12T16:50:31.986Z,134,6,true,-61,-2.2317256,-80.8620638
2026-08-12T16:50:34.381Z,135,2,false,-100,-2.2317254,-80.862064
2026-08-12T16:50:34.393Z,135,1,false,-100,-2.2317254,-80.862064
2026-08-12T16:50:35.932Z,135,3,false,-100,-2.2317254,-80.862064
2026-08-12T16:50:35.967Z,135,6,true,-40,-2.2317254,-80.862064
2026-08-12T16:50:38.371Z,136,1,false,-100,-2.2317257,-80.8620639
2026-08-12T16:50:38.400Z,136,2,false,-100,-2.2317257,-80.8620639
2026-08-12T16:50:39.949Z,136,3,false,-100,-2.2317255,-80.8620642
2026-08-12T16:50:39.986Z,136,6,true,-61,-2.2317255,-80.8620642
2026-08-12T16:50:42.406Z,137,1,false,-100,-2.2317254,-80.8620645
2026-08-12T16:50:42.445Z,137,2,false,-100,-2.2317254,-80.8620645
2026-08-12T16:50:43.918Z,137,3,false,-100,-2.2317254,-80.8620642
2026-08-12T16:50:43.935Z,137,6,true,-57,-2.2317254,-80.8620642
2026-08-12T16:50:46.408Z,138,1,false,-100,-2.2317254,-80.8620643
2026-08-12T16:50:46.452Z,138,2,false,-100,-2.2317254,-80.8620643
2026-08-12T16:50:47.928Z,138,6,true,-40,-2.2317253,-80.8620643
2026-08-12T16:50:47.974Z,138,3,false,-100,-2.2317253,-80.8620643
2026-08-12T16:50:50.408Z,139,1,false,-100,-2.2317254,-80.8620644
2026-08-12T16:50:50.423Z,139,2,false,-100,-2.2317254,-80.8620644
2026-08-12T16:50:51.923Z,139,3,false,-100,-2.2317256,-80.8620644
2026-08-12T16:50:51.970Z,139,6,true,-52,-2.2317256,-80.8620644
2026-08-12T16:50:54.384Z,140,1,false,-100,-2.2317252,-80.8620641
2026-08-12T16:50:54.426Z,140,2,false,-100,-2.2317252,-80.8620641
2026-08-12T16:50:55.933Z,140,3,false,-100,-2.231725,-80.8620639
2026-08-12T16:50:55.974Z,140,6,false,-100,-2.231725,-80.8620639
2026-08-12T16:50:58.455Z,141,2,false,-100,-2.2317249,-80.8620634
2026-08-12T16:50:58.496Z,141,1,false,-100,-2.2317249,-80.8620634
2026-08-12T16:50:59.922Z,141,6,false,-100,-2.2317248,-80.862063
2026-08-12T16:50:59.939Z,141,3,false,-100,-2.2317248,-80.862063
2026-08-12T16:51:02.369Z,142,2,false,-100,-2.2317247,-80.8620625
2026-08-12T16:51:02.407Z,142,1,false,-100,-2.2317247,-80.8620625
2026-08-12T16:51:03.939Z,142,3,false,-100,-2.2317245,-80.8620625
2026-08-12T16:51:03.976Z,142,6,true,-40,-2.2317245,-80.8620625
2026-08-12T16:51:06.396Z,143,1,false,-100,-2.2317243,-80.8620627
2026-08-12T16:51:06.410Z,143,2,false,-100,-2.2317243,-80.8620627
2026-08-12T16:51:07.950Z,143,3,false,-100,-2.2317241,-80.8620624
2026-08-12T16:51:07.986Z,143,6,true,-40,-2.2317241,-80.8620624
2026-08-12T16:51:10.373Z,144,2,false,-100,-2.231724,-80.8620621
2026-08-12T16:51:10.414Z,144,1,false,-100,-2.231724,-80.8620621
2026-08-12T16:51:11.975Z,144,3,false,-100,-2.231724,-80.8620621
2026-08-12T16:51:12.009Z,144,6,true,-40,-2.231724,-80.8620621
2026-08-12T16:51:14.437Z,145,1,false,-100,-2.2317239,-80.862062
2026-08-12T16:51:14.490Z,145,2,false,-100,-2.2317239,-80.862062
2026-08-12T16:51:15.971Z,145,3,false,-100,-2.2317239,-80.862062
2026-08-12T16:51:16.007Z,145,6,true,-40,-2.2317239,-80.862062
2026-08-12T16:51:18.360Z,146,2,false,-100,-2.231724,-80.8620618
2026-08-12T16:51:18.410Z,146,1,false,-100,-2.231724,-80.8620618
2026-08-12T16:51:19.949Z,146,6,true,-40,-2.2317242,-80.8620615
2026-08-12T16:51:20.001Z,146,3,false,-100,-2.2317242,-80.8620615
2026-08-12T16:51:22.419Z,147,2,false,-100,-2.2317242,-80.8620616
2026-08-12T16:51:22.465Z,147,1,false,-100,-2.2317242,-80.8620616
2026-08-12T16:51:23.951Z,147,3,false,-100,-2.2317243,-80.8620617
2026-08-12T16:51:23.994Z,147,6,true,-40,-2.2317243,-80.8620617
2026-08-12T16:51:26.386Z,148,1,false,-100,-2.2317244,-80.8620617
2026-08-12T16:51:26.424Z,148,2,false,-100,-2.2317244,-80.8620617
2026-08-12T16:51:28.007Z,148,3,false,-93,-2.2317245,-80.8620614
2026-08-12T16:51:28.056Z,148,6,true,-73,-2.2317245,-80.8620614
2026-08-12T16:51:30.396Z,149,1,false,-100,-2.2317244,-80.8620613
2026-08-12T16:51:30.438Z,149,2,false,-100,-2.2317244,-80.8620613
2026-08-12T16:51:31.989Z,149,3,false,-100,-2.2317246,-80.8620608
2026-08-12T16:51:32.031Z,149,6,true,-57,-2.2317246,-80.8620608
2026-08-12T16:51:34.495Z,150,2,false,-100,-2.2317247,-80.8620609
2026-08-12T16:51:34.528Z,150,1,false,-100,-2.2317247,-80.8620609
2026-08-12T16:51:35.985Z,150,6,true,-69,-2.2317248,-80.862061
2026-08-12T16:51:36.024Z,150,3,false,-100,-2.2317248,-80.862061
2026-08-12T16:51:38.428Z,151,1,false,-100,-2.231725,-80.8620609
2026-08-12T16:51:38.464Z,151,2,false,-100,-2.231725,-80.8620609
2026-08-12T16:51:39.934Z,151,6,true,-40,-2.2317249,-80.8620607
2026-08-12T16:51:39.968Z,151,3,false,-100,-2.2317249,-80.8620607
2026-08-12T16:51:42.465Z,152,1,false,-100,-2.2317251,-80.8620604
2026-08-12T16:51:42.503Z,152,2,false,-100,-2.2317251,-80.8620604
2026-08-12T16:51:43.944Z,152,3,false,-100,-2.2317257,-80.8620605
2026-08-12T16:51:43.994Z,152,6,true,-40,-2.2317257,-80.8620605
2026-08-12T16:51:46.434Z,153,2,false,-100,-2.2317253,-80.86206
2026-08-12T16:51:46.477Z,153,1,false,-100,-2.2317253,-80.86206
2026-08-12T16:51:47.930Z,153,6,true,-40,-2.2317256,-80.8620603
2026-08-12T16:51:47.965Z,153,3,false,-100,-2.2317256,-80.8620603
2026-08-12T16:51:50.473Z,154,2,false,-100,-2.2317255,-80.8620605
2026-08-12T16:51:50.516Z,154,1,false,-100,-2.2317255,-80.8620605
2026-08-12T16:51:51.943Z,154,3,false,-100,-2.2317255,-80.8620604
2026-08-12T16:51:51.985Z,154,6,true,-76,-2.2317255,-80.8620604
2026-08-12T16:51:54.435Z,155,1,false,-100,-2.2317254,-80.8620605
2026-08-12T16:51:54.475Z,155,2,false,-100,-2.2317254,-80.8620605
2026-08-12T16:51:55.488Z,155,6,true,-40,-2.2317253,-80.8620605
2026-08-12T16:51:55.543Z,155,3,false,-100,-2.2317253,-80.8620605
2026-08-12T16:51:58.383Z,156,1,false,-100,-2.2317251,-80.8620603
2026-08-12T16:51:58.425Z,156,2,false,-100,-2.2317251,-80.8620603
2026-08-12T16:51:58.961Z,156,3,false,-100,-2.2317251,-80.8620603
2026-08-12T16:51:59.801Z,156,6,true,-76,-2.2317251,-80.8620602
2026-08-12T16:52:02.394Z,157,1,false,-100,-2.2317257,-80.8620593
2026-08-12T16:52:02.428Z,157,2,false,-100,-2.2317257,-80.8620593
2026-08-12T16:52:03.993Z,157,3,false,-100,-2.2317258,-80.8620594
2026-08-12T16:52:04.047Z,157,6,true,-88,-2.2317258,-80.8620594
2026-08-12T16:52:06.426Z,158,1,false,-100,-2.2317259,-80.8620593
2026-08-12T16:52:06.466Z,158,2,false,-100,-2.2317259,-80.8620593
2026-08-12T16:52:07.988Z,158,3,false,-100,-2.231726,-80.8620596
2026-08-12T16:52:08.024Z,158,6,false,-100,-2.231726,-80.8620596
2026-08-12T16:52:09.363Z,159,1,false,-100,-2.2317259,-80.8620597
2026-08-12T16:52:11.202Z,159,3,false,-100,-2.2317259,-80.8620589
2026-08-12T16:52:11.240Z,159,2,false,-100,-2.2317259,-80.8620589
2026-08-12T16:52:12.747Z,159,6,false,-100,-2.231726,-80.8620588
2026-08-12T16:52:14.454Z,160,2,false,-100,-2.231726,-80.8620588
2026-08-12T16:52:14.493Z,160,1,false,-100,-2.231726,-80.8620588
2026-08-12T16:52:15.960Z,160,3,false,-100,-2.231726,-80.8620592
2026-08-12T16:52:16.003Z,160,6,false,-100,-2.231726,-80.8620592
2026-08-12T16:52:18.412Z,161,2,true,-73,-2.2317265,-80.8620587
2026-08-12T16:52:18.454Z,161,1,false,-100,-2.2317265,-80.8620587
2026-08-12T16:52:19.851Z,161,3,false,-100,-2.2317267,-80.8620583
2026-08-12T16:52:19.893Z,161,6,false,-100,-2.2317267,-80.8620583
2026-08-12T16:52:22.070Z,162,1,false,-100,-2.2317264,-80.8620575
2026-08-12T16:52:22.112Z,162,2,true,-40,-2.2317264,-80.8620575
2026-08-12T16:52:23.402Z,162,3,false,-100,-2.2317262,-80.8620577
2026-08-12T16:52:23.431Z,162,6,false,-97,-2.2317262,-80.8620577
2026-08-12T16:52:26.456Z,163,1,false,-100,-2.2317265,-80.8620585
2026-08-12T16:52:26.485Z,163,2,true,-40,-2.2317265,-80.8620585
2026-08-12T16:52:26.748Z,163,3,false,-100,-2.2317265,-80.862059
2026-08-12T16:52:27.533Z,163,6,true,-40,-2.2317266,-80.8620591
2026-08-12T16:52:30.108Z,164,2,true,-40,-2.2317267,-80.8620589
2026-08-12T16:52:30.155Z,164,1,false,-100,-2.2317267,-80.8620589
2026-08-12T16:52:30.682Z,164,3,false,-100,-2.2317268,-80.8620589
2026-08-12T16:52:32.142Z,164,6,true,-40,-2.2317268,-80.8620583
2026-08-12T16:52:34.441Z,165,1,false,-100,-2.2317278,-80.8620573
2026-08-12T16:52:34.485Z,165,2,true,-40,-2.2317278,-80.8620573
2026-08-12T16:52:35.663Z,165,6,true,-49,-2.231728,-80.8620568
2026-08-12T16:52:35.713Z,165,3,false,-100,-2.231728,-80.8620568
2026-08-12T16:52:38.447Z,166,2,true,-40,-2.2317271,-80.8620554
2026-08-12T16:52:38.494Z,166,1,false,-100,-2.2317271,-80.8620554
2026-08-12T16:52:39.684Z,166,3,false,-100,-2.2317273,-80.8620532
2026-08-12T16:52:39.724Z,166,6,true,-40,-2.2317273,-80.8620532
2026-08-12T16:52:42.127Z,167,1,false,-100,-2.231727,-80.8620523
2026-08-12T16:52:42.180Z,167,2,true,-40,-2.231727,-80.8620523
2026-08-12T16:52:42.654Z,167,3,false,-100,-2.2317269,-80.8620522
2026-08-12T16:52:43.705Z,167,6,true,-40,-2.2317271,-80.8620517
2026-08-12T16:52:45.347Z,168,1,false,-100,-2.231727,-80.8620511
2026-08-12T16:52:46.661Z,168,3,false,-100,-2.2317267,-80.8620522
2026-08-12T16:52:46.686Z,168,2,true,-40,-2.2317267,-80.8620522
2026-08-12T16:52:47.590Z,168,6,true,-40,-2.2317239,-80.86205
2026-08-12T16:52:49.435Z,169,1,false,-100,-2.2317232,-80.86205
2026-08-12T16:52:52.270Z,169,2,true,-52,-2.2317294,-80.862037
2026-08-12T16:52:52.312Z,169,3,false,-100,-2.2317294,-80.862037
2026-08-12T16:52:52.318Z,169,6,true,-40,-2.2317294,-80.862037
2026-08-12T16:52:54.434Z,170,2,true,-40,-2.2317366,-80.8620296
2026-08-12T16:52:54.491Z,170,1,false,-100,-2.2317366,-80.8620296
2026-08-12T16:52:56.235Z,170,6,true,-57,-2.23174,-80.862028
2026-08-12T16:52:56.283Z,170,3,false,-100,-2.23174,-80.862028
2026-08-12T16:52:57.793Z,171,1,false,-100,-2.2317395,-80.8620216
2026-08-12T16:52:57.822Z,171,2,true,-40,-2.2317395,-80.8620216
2026-08-12T16:52:58.689Z,171,3,false,-97,-2.2317389,-80.8620191
2026-08-12T16:52:59.889Z,171,6,true,-64,-2.2317388,-80.8620165
2026-08-12T16:53:01.582Z,172,1,false,-100,-2.2317389,-80.8620137
2026-08-12T16:53:02.702Z,172,3,false,-100,-2.2317391,-80.8620214
2026-08-12T16:53:02.742Z,172,2,true,-40,-2.2317391,-80.8620214
2026-08-12T16:53:03.053Z,172,6,true,-40,-2.2317933,-80.8620024
2026-08-12T16:53:06.470Z,173,1,false,-100,-2.2317424,-80.8620401
2026-08-12T16:53:06.507Z,173,2,true,-40,-2.2317424,-80.8620401
2026-08-12T16:53:07.693Z,173,3,false,-100,-2.2317339,-80.8620496
2026-08-12T16:53:07.730Z,173,6,true,-40,-2.2317339,-80.8620496
2026-08-12T16:53:10.451Z,174,1,false,-100,-2.2317267,-80.8620597
2026-08-12T16:53:10.507Z,174,2,true,-40,-2.2317267,-80.8620597
2026-08-12T16:53:11.686Z,174,3,false,-100,-2.2317256,-80.8620644
2026-08-12T16:53:11.727Z,174,6,true,-40,-2.2317256,-80.8620644
2026-08-12T16:53:14.445Z,175,2,true,-40,-2.231705,-80.8620721
2026-08-12T16:53:14.537Z,175,1,false,-100,-2.231705,-80.8620721
2026-08-12T16:53:14.894Z,175,3,false,-100,-2.231705,-80.8620721
2026-08-12T16:53:15.015Z,175,6,true,-40,-2.231705,-80.8620721
2026-08-12T16:53:17.271Z,176,1,false,-100,-2.231705,-80.8620721
2026-08-12T16:53:17.776Z,176,2,true,-40,-2.231705,-80.8620721
2026-08-12T16:53:18.710Z,176,3,false,-100,-2.231705,-80.8620721
2026-08-12T16:53:19.036Z,176,6,true,-40,-2.231705,-80.8620721
2026-08-12T16:53:21.289Z,177,1,false,-100,0,0
2026-08-12T16:53:21.737Z,177,2,true,-40,0,0
2026-08-12T16:53:22.531Z,177,3,false,-100,0,0
2026-08-12T16:53:22.992Z,177,6,true,-40,0,0
2026-08-12T16:53:25.306Z,178,1,false,-100,0,0
2026-08-12T16:53:25.730Z,178,2,true,-40,0,0
2026-08-12T16:53:26.531Z,178,3,false,-100,0,0
2026-08-12T16:53:26.973Z,178,6,true,-40,0,0
2026-08-12T16:53:29.297Z,179,1,false,-100,0,0
2026-08-12T16:53:29.751Z,179,2,true,-40,0,0
2026-08-12T16:53:30.554Z,179,3,false,-100,0,0
2026-08-12T16:53:30.992Z,179,6,true,-40,0,0
2026-08-12T16:53:33.352Z,180,1,false,-100,0,0
2026-08-12T16:53:33.741Z,180,2,true,-40,0,0
2026-08-12T16:53:34.558Z,180,3,false,-100,0,0
2026-08-12T16:53:35.014Z,180,6,true,-40,0,0
2026-08-12T16:53:37.303Z,181,1,false,-100,0,0
2026-08-12T16:53:37.804Z,181,2,true,-45,0,0
2026-08-12T16:53:38.572Z,181,3,false,-100,0,0
2026-08-12T16:53:39.059Z,181,6,true,-40,0,0
2026-08-12T16:53:41.343Z,182,1,false,-100,0,0
2026-08-12T16:53:41.852Z,182,2,true,-52,0,0
2026-08-12T16:53:42.661Z,182,3,false,-100,0,0
2026-08-12T16:53:43.134Z,182,6,true,-40,0,0
2026-08-12T16:53:45.332Z,183,1,false,-100,0,0
2026-08-12T16:53:45.827Z,183,2,true,-49,0,0
2026-08-12T16:53:46.564Z,183,3,false,-100,0,0
2026-08-12T16:53:47.028Z,183,6,true,-40,0,0
2026-08-12T16:53:49.287Z,184,1,false,-100,0,0
2026-08-12T16:53:49.771Z,184,2,true,-45,0,0
2026-08-12T16:53:50.600Z,184,3,false,-100,0,0
2026-08-12T16:53:51.028Z,184,6,true,-40,0,0
2026-08-12T16:53:53.292Z,185,1,false,-100,0,0
2026-08-12T16:53:54.061Z,185,2,false,-88,0,0
2026-08-12T16:53:54.552Z,185,3,true,-45,0,0
2026-08-12T16:53:54.995Z,185,6,true,-40,0,0
2026-08-12T16:53:57.298Z,186,1,false,-100,0,0
2026-08-12T16:53:58.042Z,186,2,false,-88,0,0
2026-08-12T16:53:58.489Z,186,3,true,-45,0,0
2026-08-12T16:53:58.947Z,186,6,true,-40,0,0
2026-08-12T16:54:01.278Z,187,1,false,-100,0,0
2026-08-12T16:54:01.931Z,187,2,true,-61,0,0
2026-08-12T16:54:02.379Z,187,3,true,-45,0,0
2026-08-12T16:54:02.882Z,187,6,true,-40,0,0
2026-08-12T16:54:06.486Z,188,3,true,-52,-2.2308586,-80.8621401
2026-08-12T16:54:06.527Z,188,2,true,-40,-2.2308586,-80.8621401
2026-08-12T16:54:06.539Z,188,1,false,-100,-2.2308586,-80.8621401
2026-08-12T16:54:09.069Z,188,6,true,-40,-2.2308641,-80.8621403
2026-08-12T16:54:09.963Z,189,2,true,-40,-2.2308817,-80.8621407
2026-08-12T16:54:10.001Z,189,1,false,-100,-2.2308817,-80.8621407
2026-08-12T16:54:11.262Z,189,6,true,-40,-2.2309026,-80.8621412
2026-08-12T16:54:11.279Z,189,3,true,-40,-2.2309026,-80.8621412
2026-08-12T16:54:13.933Z,190,1,false,-100,-2.2309426,-80.8621421
2026-08-12T16:54:14.858Z,190,3,true,-40,-2.2309731,-80.862143
2026-08-12T16:54:14.872Z,190,6,true,-40,-2.2309731,-80.862143
2026-08-12T16:54:14.881Z,190,2,true,-76,-2.2309731,-80.862143
2026-08-12T16:54:17.963Z,191,1,false,-100,-2.2310148,-80.8621442
2026-08-12T16:54:18.011Z,191,2,true,-40,-2.2310148,-80.8621442
2026-08-12T16:54:18.976Z,191,6,true,-40,-2.2310275,-80.8621449
2026-08-12T16:54:18.993Z,191,3,true,-45,-2.2310275,-80.8621449
2026-08-12T16:54:22.120Z,192,2,true,-52,-2.2311159,-80.862242
2026-08-12T16:54:22.136Z,192,1,false,-100,-2.2311159,-80.862242
2026-08-12T16:54:24.243Z,192,6,true,-40,-2.2311264,-80.8622442
2026-08-12T16:54:24.287Z,192,3,true,-40,-2.2311264,-80.8622442
2026-08-12T16:54:26.491Z,193,3,true,-45,-2.2311348,-80.8622596
2026-08-12T16:54:26.531Z,193,1,false,-100,-2.2311348,-80.8622596
2026-08-12T16:54:26.540Z,193,2,true,-40,-2.2311348,-80.8622596
2026-08-12T16:54:27.837Z,193,6,true,-40,-2.2311389,-80.8622779
2026-08-12T16:54:29.466Z,194,1,false,-100,-2.2311405,-80.8622841
2026-08-12T16:54:30.665Z,194,3,true,-40,-2.2311411,-80.8622874
2026-08-12T16:54:30.724Z,194,2,true,-76,-2.2311411,-80.8622874
2026-08-12T16:54:32.040Z,194,6,true,-40,-2.2311414,-80.8622887
2026-08-12T16:54:33.475Z,195,1,false,-100,-2.2311438,-80.8623167
2026-08-12T16:54:35.064Z,195,2,false,-100,-2.2311458,-80.8623426
2026-08-12T16:54:35.093Z,195,3,true,-40,-2.2311458,-80.8623426
2026-08-12T16:54:35.249Z,195,6,true,-40,-2.2311429,-80.8623468
2026-08-12T16:54:38.526Z,196,1,false,-100,-2.2311421,-80.8623477
2026-08-12T16:54:38.569Z,196,2,false,-100,-2.2311421,-80.8623477
2026-08-12T16:54:39.767Z,196,3,true,-49,-2.2311422,-80.8623491
2026-08-12T16:54:39.833Z,196,6,true,-40,-2.2311422,-80.8623491
2026-08-12T16:54:42.501Z,197,1,false,-100,-2.2311421,-80.8623483
2026-08-12T16:54:42.548Z,197,2,false,-93,-2.2311421,-80.8623483
2026-08-12T16:54:43.470Z,197,6,true,-40,-2.2311421,-80.8623491
2026-08-12T16:54:43.524Z,197,3,true,-40,-2.2311421,-80.8623491
2026-08-12T16:54:46.971Z,198,1,false,-100,-2.2311419,-80.8623509
2026-08-12T16:54:47.007Z,198,2,false,-100,-2.2311419,-80.8623509
2026-08-12T16:54:47.015Z,198,3,true,-40,-2.2311419,-80.8623509
2026-08-12T16:54:48.657Z,198,6,true,-40,-2.2311369,-80.8623518
2026-08-12T16:54:49.463Z,199,1,false,-100,-2.2311363,-80.8623533
2026-08-12T16:54:52.238Z,199,3,true,-57,-2.2311354,-80.8623524
2026-08-12T16:54:52.286Z,199,6,true,-40,-2.2311354,-80.8623524
2026-08-12T16:54:52.294Z,199,2,false,-100,-2.2311354,-80.8623524
2026-08-12T16:54:55.067Z,200,3,true,-73,-2.2311354,-80.862353
2026-08-12T16:54:55.123Z,200,1,false,-100,-2.2311354,-80.862353
2026-08-12T16:54:55.132Z,200,2,false,-100,-2.2311354,-80.862353
2026-08-12T16:54:56.242Z,200,6,true,-40,-2.2311355,-80.8623536
2026-08-12T16:54:57.444Z,201,1,false,-100,-2.2311356,-80.8623534
2026-08-12T16:54:58.667Z,201,2,false,-100,-2.2311357,-80.8623529
2026-08-12T16:54:59.887Z,201,3,false,-100,-2.2311357,-80.8623523
2026-08-12T16:54:59.944Z,201,6,true,-45,-2.2311357,-80.8623523
2026-08-12T16:55:01.879Z,202,1,false,-100,-2.2311357,-80.862351
2026-08-12T16:55:03.323Z,202,3,false,-100,-2.2311346,-80.8623511
2026-08-12T16:55:03.369Z,202,2,false,-100,-2.2311346,-80.8623511
2026-08-12T16:55:04.215Z,202,6,true,-40,-2.2311335,-80.8623526
2026-08-12T16:55:05.476Z,203,1,false,-100,-2.2311321,-80.8623527
2026-08-12T16:55:07.265Z,203,2,false,-97,-2.2311362,-80.8623514
2026-08-12T16:55:07.312Z,203,3,true,-81,-2.2311362,-80.8623514
2026-08-12T16:55:08.488Z,203,6,true,-40,-2.2311441,-80.862349
2026-08-12T16:55:10.472Z,204,1,false,-100,-2.2311539,-80.8623454
2026-08-12T16:55:10.514Z,204,2,false,-97,-2.2311539,-80.8623454
2026-08-12T16:55:12.070Z,204,6,true,-40,-2.2311568,-80.8623447
2026-08-12T16:55:12.112Z,204,3,false,-100,-2.2311568,-80.8623447
2026-08-12T16:55:14.509Z,205,1,false,-100,-2.2311642,-80.8623404
2026-08-12T16:55:14.563Z,205,2,false,-85,-2.2311642,-80.8623404
2026-08-12T16:55:14.652Z,205,3,true,-57,-2.2311654,-80.8623406
2026-08-12T16:55:15.916Z,205,6,true,-40,-2.2311664,-80.8623395
2026-08-12T16:55:18.010Z,206,2,true,-69,-2.2311669,-80.862339
2026-08-12T16:55:18.031Z,206,1,false,-100,-2.2311669,-80.862339
2026-08-12T16:55:18.630Z,206,3,true,-45,-2.2311666,-80.8623393
2026-08-12T16:55:20.071Z,206,6,true,-40,-2.2311683,-80.862337
2026-08-12T16:55:21.491Z,207,1,false,-100,-2.2311688,-80.8623362
2026-08-12T16:55:22.948Z,207,6,true,-40,-2.2311704,-80.8623347
2026-08-12T16:55:22.985Z,207,3,true,-40,-2.2311704,-80.8623347
2026-08-12T16:55:22.992Z,207,2,true,-40,-2.2311704,-80.8623347
2026-08-12T16:55:26.523Z,208,1,false,-100,-2.2311791,-80.8623244
2026-08-12T16:55:26.541Z,208,2,true,-40,-2.2311791,-80.8623244
2026-08-12T16:55:26.571Z,208,3,true,-45,-2.2311791,-80.8623244
2026-08-12T16:55:27.684Z,208,6,true,-40,-2.23118,-80.8623237
2026-08-12T16:55:30.189Z,209,2,true,-40,-2.2311801,-80.8623231
2026-08-12T16:55:30.241Z,209,1,false,-100,-2.2311801,-80.8623231
2026-08-12T16:55:31.066Z,209,3,true,-40,-2.2311804,-80.8623247
2026-08-12T16:55:31.104Z,209,6,true,-40,-2.2311804,-80.8623247
2026-08-12T16:55:34.554Z,210,2,true,-40,-2.2311781,-80.8623144
2026-08-12T16:55:34.597Z,210,3,true,-40,-2.2311781,-80.8623144
2026-08-12T16:55:34.604Z,210,1,false,-100,-2.2311781,-80.8623144
2026-08-12T16:55:35.871Z,210,6,true,-40,-2.2311783,-80.8623141
2026-08-12T16:55:38.535Z,211,3,true,-40,-2.2311781,-80.8623141
2026-08-12T16:55:38.571Z,211,2,true,-40,-2.2311781,-80.8623141
2026-08-12T16:55:38.585Z,211,1,false,-100,-2.2311781,-80.8623141
2026-08-12T16:55:39.877Z,211,6,true,-40,-2.2311786,-80.8623146
2026-08-12T16:55:42.532Z,212,2,true,-40,-2.2311805,-80.8623153
2026-08-12T16:55:42.568Z,212,3,true,-40,-2.2311805,-80.8623153
2026-08-12T16:55:42.578Z,212,1,false,-100,-2.2311805,-80.8623153
2026-08-12T16:55:43.882Z,212,6,true,-40,-2.231184,-80.8623174
2026-08-12T16:55:46.533Z,213,3,true,-40,-2.2311871,-80.862318
2026-08-12T16:55:46.567Z,213,1,false,-100,-2.2311871,-80.862318
2026-08-12T16:55:46.578Z,213,2,true,-40,-2.2311871,-80.862318
2026-08-12T16:55:47.952Z,213,6,true,-40,-2.2311849,-80.8623173
2026-08-12T16:55:50.571Z,214,2,true,-40,-2.231185,-80.8623175
2026-08-12T16:55:50.609Z,214,3,true,-40,-2.231185,-80.8623175
2026-08-12T16:55:50.618Z,214,1,false,-100,-2.231185,-80.8623175
2026-08-12T16:55:51.882Z,214,6,true,-40,-2.2311853,-80.8623176
2026-08-12T16:55:54.583Z,215,2,true,-40,-2.2311857,-80.8623183
2026-08-12T16:55:54.627Z,215,1,false,-100,-2.2311857,-80.8623183
2026-08-12T16:55:54.635Z,215,3,true,-40,-2.2311857,-80.8623183
2026-08-12T16:55:55.869Z,215,6,true,-40,-2.2311857,-80.8623184
2026-08-12T16:55:58.532Z,216,3,true,-40,-2.2311857,-80.8623184
2026-08-12T16:55:58.574Z,216,1,false,-100,-2.2311857,-80.8623184
2026-08-12T16:55:58.583Z,216,2,true,-40,-2.2311857,-80.8623184
2026-08-12T16:55:59.918Z,216,6,true,-40,-2.2311859,-80.8623185
2026-08-12T16:56:02.521Z,217,3,true,-40,-2.2311858,-80.8623184
2026-08-12T16:56:02.565Z,217,1,false,-100,-2.2311858,-80.8623184
2026-08-12T16:56:02.573Z,217,2,true,-40,-2.2311858,-80.8623184
2026-08-12T16:56:03.871Z,217,6,true,-40,-2.2311856,-80.8623188
2026-08-12T16:56:06.505Z,218,3,true,-40,-2.2311861,-80.8623188
2026-08-12T16:56:06.547Z,218,1,false,-100,-2.2311861,-80.8623188
2026-08-12T16:56:06.556Z,218,2,true,-40,-2.2311861,-80.8623188
2026-08-12T16:56:07.911Z,218,6,true,-40,-2.2311873,-80.8623191
2026-08-12T16:56:11.249Z,219,2,true,-40,-2.2311881,-80.862319
2026-08-12T16:56:11.285Z,219,6,true,-40,-2.2311881,-80.862319
2026-08-12T16:56:11.294Z,219,1,false,-100,-2.2311881,-80.862319
2026-08-12T16:56:11.305Z,219,3,true,-40,-2.2311881,-80.862319
2026-08-12T16:56:15.241Z,220,2,true,-40,-2.231188,-80.8623188
2026-08-12T16:56:15.282Z,220,6,true,-40,-2.231188,-80.8623188
2026-08-12T16:56:15.291Z,220,1,false,-100,-2.231188,-80.8623188
2026-08-12T16:56:15.304Z,220,3,true,-40,-2.231188,-80.8623188
2026-08-12T16:56:19.031Z,221,3,true,-45,-2.2311879,-80.8623187
2026-08-12T16:56:19.065Z,221,6,true,-40,-2.2311879,-80.8623187
2026-08-12T16:56:19.072Z,221,2,true,-40,-2.2311879,-80.8623187
2026-08-12T16:56:19.081Z,221,1,false,-100,-2.2311879,-80.8623187
2026-08-12T16:56:22.547Z,222,1,false,-100,-2.2311821,-80.8623189
2026-08-12T16:56:22.594Z,222,2,true,-40,-2.2311821,-80.8623189
2026-08-12T16:56:22.602Z,222,3,true,-40,-2.2311821,-80.8623189
2026-08-12T16:56:23.898Z,222,6,true,-40,-2.2311822,-80.8623196
2026-08-12T16:56:26.553Z,223,3,true,-45,-2.2311827,-80.8623199
2026-08-12T16:56:26.596Z,223,2,true,-40,-2.2311827,-80.8623199
2026-08-12T16:56:26.604Z,223,1,false,-100,-2.2311827,-80.8623199
2026-08-12T16:56:27.984Z,223,6,true,-40,-2.2311833,-80.8623202
2026-08-12T16:56:30.571Z,224,3,true,-40,-2.2311865,-80.8623202
2026-08-12T16:56:30.607Z,224,1,false,-100,-2.2311865,-80.8623202
2026-08-12T16:56:30.614Z,224,2,true,-40,-2.2311865,-80.8623202
2026-08-12T16:56:31.854Z,224,6,true,-40,-2.2311882,-80.8623207
2026-08-12T16:56:34.556Z,225,3,true,-40,-2.2311898,-80.8623206
2026-08-12T16:56:34.602Z,225,1,false,-100,-2.2311898,-80.8623206
2026-08-12T16:56:34.613Z,225,2,true,-40,-2.2311898,-80.8623206
2026-08-12T16:56:35.901Z,225,6,true,-40,-2.2311887,-80.8623179
2026-08-12T16:56:38.537Z,226,3,true,-40,-2.2311885,-80.8623179
2026-08-12T16:56:38.569Z,226,1,false,-100,-2.2311885,-80.8623179
2026-08-12T16:56:38.578Z,226,2,true,-40,-2.2311885,-80.8623179
2026-08-12T16:56:39.942Z,226,6,true,-40,-2.2311888,-80.8623178
2026-08-12T16:56:42.547Z,227,3,true,-40,-2.231189,-80.862318
2026-08-12T16:56:42.600Z,227,2,true,-40,-2.231189,-80.862318
2026-08-12T16:56:42.608Z,227,1,false,-100,-2.231189,-80.862318
2026-08-12T16:56:43.906Z,227,6,true,-40,-2.2311894,-80.8623179
2026-08-12T16:56:46.596Z,228,2,true,-40,-2.2311903,-80.862318
2026-08-12T16:56:46.629Z,228,1,false,-100,-2.2311903,-80.862318
2026-08-12T16:56:46.638Z,228,3,true,-45,-2.2311903,-80.862318
2026-08-12T16:56:47.951Z,228,6,true,-40,-2.2311909,-80.8623185
2026-08-12T16:56:50.568Z,229,2,true,-40,-2.2311915,-80.8623184
2026-08-12T16:56:50.608Z,229,3,true,-40,-2.2311915,-80.8623184
2026-08-12T16:56:50.617Z,229,1,false,-100,-2.2311915,-80.8623184
2026-08-12T16:56:51.904Z,229,6,true,-40,-2.231189,-80.8623197
2026-08-12T16:56:54.566Z,230,2,true,-40,-2.2311887,-80.8623201
2026-08-12T16:56:54.608Z,230,3,true,-40,-2.2311887,-80.8623201
2026-08-12T16:56:54.617Z,230,1,false,-100,-2.2311887,-80.8623201
2026-08-12T16:56:55.936Z,230,6,true,-40,-2.231189,-80.8623202
2026-08-12T16:56:58.541Z,231,3,true,-40,-2.2311892,-80.8623202
2026-08-12T16:56:58.586Z,231,2,true,-40,-2.2311892,-80.8623202
2026-08-12T16:56:58.595Z,231,1,false,-100,-2.2311892,-80.8623202
2026-08-12T16:57:00.040Z,231,6,true,-40,-2.2311893,-80.8623204
2026-08-12T16:57:02.554Z,232,2,true,-40,-2.2311894,-80.8623205
2026-08-12T16:57:02.588Z,232,1,false,-100,-2.2311894,-80.8623205
2026-08-12T16:57:02.598Z,232,3,true,-40,-2.2311894,-80.8623205
2026-08-12T16:57:03.894Z,232,6,true,-40,-2.2311896,-80.8623205
2026-08-12T16:57:06.584Z,233,1,false,-100,-2.2311898,-80.8623207
2026-08-12T16:57:06.636Z,233,2,true,-40,-2.2311898,-80.8623207
2026-08-12T16:57:06.648Z,233,3,true,-45,-2.2311898,-80.8623207
2026-08-12T16:57:07.925Z,233,6,true,-40,-2.23119,-80.8623207
2026-08-12T16:57:10.556Z,234,3,true,-40,-2.2311899,-80.8623207
2026-08-12T16:57:10.594Z,234,1,false,-100,-2.2311899,-80.8623207
2026-08-12T16:57:10.603Z,234,2,true,-40,-2.2311899,-80.8623207
2026-08-12T16:57:11.952Z,234,6,true,-40,-2.231191,-80.862321
2026-08-12T16:57:14.568Z,235,2,true,-40,-2.2311916,-80.8623213
2026-08-12T16:57:14.607Z,235,1,false,-100,-2.2311916,-80.8623213
2026-08-12T16:57:14.616Z,235,3,true,-40,-2.2311916,-80.8623213
2026-08-12T16:57:15.915Z,235,6,true,-40,-2.2311924,-80.8623212
2026-08-12T16:57:18.589Z,236,3,true,-40,-2.2311929,-80.8623212
2026-08-12T16:57:18.628Z,236,1,false,-100,-2.2311929,-80.8623212
2026-08-12T16:57:18.637Z,236,2,true,-40,-2.2311929,-80.8623212
2026-08-12T16:57:20.293Z,236,6,false,-100,-2.2311932,-80.8623211
2026-08-12T16:57:22.541Z,237,3,true,-40,-2.2311937,-80.8623211
2026-08-12T16:57:22.573Z,237,2,true,-40,-2.2311937,-80.8623211
2026-08-12T16:57:22.582Z,237,1,false,-100,-2.2311937,-80.8623211
2026-08-12T16:57:24.294Z,237,6,false,-100,-2.2311921,-80.8623183
2026-08-12T16:57:26.596Z,238,1,false,-100,-2.2311922,-80.8623185
2026-08-12T16:57:26.640Z,238,3,true,-45,-2.2311922,-80.8623185
2026-08-12T16:57:26.650Z,238,2,true,-40,-2.2311922,-80.8623185
2026-08-12T16:57:28.038Z,238,6,true,-40,-2.2311923,-80.8623186
2026-08-12T16:57:30.636Z,239,2,true,-40,-2.2311923,-80.8623187
2026-08-12T16:57:30.670Z,239,1,false,-100,-2.2311923,-80.8623187
2026-08-12T16:57:30.680Z,239,3,true,-40,-2.2311923,-80.8623187
2026-08-12T16:57:31.962Z,239,6,true,-40,-2.2311925,-80.8623188
2026-08-12T16:57:34.603Z,240,2,false,-85,-2.2311927,-80.8623186
2026-08-12T16:57:34.617Z,240,1,false,-100,-2.2311927,-80.8623186
2026-08-12T16:57:34.792Z,240,3,true,-40,-2.2311927,-80.8623188
2026-08-12T16:57:35.200Z,240,6,true,-40,-2.2311927,-80.8623187
2026-08-12T16:57:38.595Z,241,2,false,-100,-2.2311928,-80.8623187
2026-08-12T16:57:38.637Z,241,1,false,-100,-2.2311928,-80.8623187
2026-08-12T16:57:39.831Z,241,3,true,-45,-2.231193,-80.862319
2026-08-12T16:57:39.874Z,241,6,true,-40,-2.231193,-80.862319
2026-08-12T16:57:42.607Z,242,2,false,-93,-2.2311925,-80.8623196
2026-08-12T16:57:42.654Z,242,1,false,-100,-2.2311925,-80.8623196
2026-08-12T16:57:43.846Z,242,6,true,-40,-2.2311929,-80.8623199
2026-08-12T16:57:43.886Z,242,3,true,-49,-2.2311929,-80.8623199
2026-08-12T16:57:46.177Z,243,1,false,-100,-2.231193,-80.8623199
2026-08-12T16:57:46.222Z,243,2,true,-40,-2.231193,-80.8623199
2026-08-12T16:57:46.888Z,243,3,true,-49,-2.2311929,-80.8623202
2026-08-12T16:57:46.899Z,243,6,true,-40,-2.2311929,-80.8623202
2026-08-12T16:57:50.637Z,244,1,false,-100,-2.2311939,-80.8623197
2026-08-12T16:57:50.669Z,244,3,true,-40,-2.2311939,-80.8623197
2026-08-12T16:57:50.678Z,244,2,true,-40,-2.2311939,-80.8623197
2026-08-12T16:57:52.028Z,244,6,true,-40,-2.2311943,-80.8623198
2026-08-12T16:57:53.581Z,245,1,false,-100,-2.2311942,-80.8623203
2026-08-12T16:57:54.164Z,245,2,true,-81,-2.2311942,-80.8623203
2026-08-12T16:57:54.693Z,245,3,true,-49,-2.2311942,-80.8623203
2026-08-12T16:57:55.221Z,245,6,true,-40,-2.2311942,-80.8623203
2026-08-12T16:57:57.442Z,246,1,false,-100,-2.2311942,-80.8623203
2026-08-12T16:57:58.099Z,246,2,true,-69,0,0
2026-08-12T16:57:58.664Z,246,3,true,-57,0,0
2026-08-12T16:57:59.108Z,246,6,true,-40,0,0
2026-08-12T16:58:01.460Z,247,1,false,-100,0,0
2026-08-12T16:58:02.224Z,247,2,false,-100,0,0
2026-08-12T16:58:02.972Z,247,3,false,-100,0,0
2026-08-12T16:58:03.425Z,247,6,true,-40,0,0
2026-08-12T16:58:05.408Z,248,1,false,-100,0,0
2026-08-12T16:58:06.217Z,248,2,false,-97,0,0
2026-08-12T16:58:06.986Z,248,3,false,-100,0,0
2026-08-12T16:58:07.428Z,248,6,true,-40,0,0
2026-08-12T16:58:09.410Z,249,1,false,-100,0,0
2026-08-12T16:58:09.952Z,249,2,true,-57,0,0
2026-08-12T16:58:10.674Z,249,3,true,-81,0,0
2026-08-12T16:58:11.129Z,249,6,true,-40,0,0
2026-08-12T16:58:13.465Z,250,1,false,-100,0,0
2026-08-12T16:58:14.199Z,250,2,false,-100,0,0
2026-08-12T16:58:15.080Z,250,3,false,-100,0,0
2026-08-12T16:58:15.558Z,250,6,true,-40,0,0
2026-08-12T16:58:17.458Z,251,1,false,-100,0,0
2026-08-12T16:58:18.282Z,251,2,false,-97,0,0
2026-08-12T16:58:18.711Z,251,3,true,-45,0,0
2026-08-12T16:58:19.177Z,251,6,true,-40,0,0
2026-08-12T16:58:21.451Z,252,1,false,-100,0,0
2026-08-12T16:58:22.211Z,252,2,false,-97,0,0
2026-08-12T16:58:22.674Z,252,3,true,-40,0,0
2026-08-12T16:58:23.176Z,252,6,true,-40,0,0
2026-08-12T16:58:25.463Z,253,1,false,-100,0,0
2026-08-12T16:58:26.224Z,253,2,false,-100,0,0
2026-08-12T16:58:26.674Z,253,3,true,-40,0,0
2026-08-12T16:58:27.159Z,253,6,true,-40,0,0
2026-08-12T16:58:29.483Z,254,1,false,-100,0,0
2026-08-12T16:58:30.241Z,254,2,false,-100,0,0
2026-08-12T16:58:30.695Z,254,3,true,-40,0,0
2026-08-12T16:58:31.161Z,254,6,true,-40,0,0
2026-08-12T16:58:33.477Z,255,1,false,-100,0,0
2026-08-12T16:58:34.250Z,255,2,false,-100,0,0
2026-08-12T16:58:34.703Z,255,3,true,-40,0,0
2026-08-12T16:58:35.157Z,255,6,true,-40,0,0
2026-08-12T16:58:37.483Z,256,1,false,-100,0,0
2026-08-12T16:58:38.195Z,256,2,false,-93,0,0
2026-08-12T16:58:38.646Z,256,3,true,-40,0,0
2026-08-12T16:58:39.141Z,256,6,true,-40,0,0
2026-08-12T16:58:41.467Z,257,1,false,-100,0,0
2026-08-12T16:58:45.243Z,257,6,true,-40,-2.2311279,-80.8622556
2026-08-12T16:58:45.285Z,257,3,true,-40,-2.2311279,-80.8622556
2026-08-12T16:58:45.296Z,257,2,true,-40,-2.2311279,-80.8622556
2026-08-12T16:58:46.590Z,258,1,false,-100,-2.2310929,-80.8622462
2026-08-12T16:58:46.639Z,258,3,true,-45,-2.2310929,-80.8622462
2026-08-12T16:58:46.655Z,258,2,true,-45,-2.2310929,-80.8622462
2026-08-12T16:58:48.046Z,258,6,true,-40,-2.231087,-80.86224
2026-08-12T16:58:50.558Z,259,3,true,-40,-2.2311108,-80.8622263
2026-08-12T16:58:50.593Z,259,2,true,-45,-2.2311108,-80.8622263
2026-08-12T16:58:50.603Z,259,1,false,-100,-2.2311108,-80.8622263
2026-08-12T16:58:51.990Z,259,6,true,-40,-2.2311174,-80.8622195
2026-08-12T16:58:53.528Z,260,1,false,-100,-2.2311195,-80.862216
2026-08-12T16:58:54.401Z,260,2,true,-40,-2.2311198,-80.8622131
2026-08-12T16:58:54.416Z,260,3,true,-40,-2.2311198,-80.8622131
2026-08-12T16:58:54.925Z,260,6,true,-40,-2.2311201,-80.8622122
2026-08-12T16:58:58.563Z,261,1,false,-100,-2.2310964,-80.862181
2026-08-12T16:58:58.597Z,261,2,false,-100,-2.2310964,-80.862181
2026-08-12T16:58:59.807Z,261,6,true,-45,-2.2310956,-80.8621813
2026-08-12T16:58:59.857Z,261,3,true,-40,-2.2310956,-80.8621813
2026-08-12T16:59:02.575Z,262,1,false,-100,-2.2311115,-80.8621384
2026-08-12T16:59:02.585Z,262,2,false,-100,-2.2311115,-80.8621384
2026-08-12T16:59:03.247Z,262,6,true,-40,-2.2311135,-80.8621278
2026-08-12T16:59:03.303Z,262,3,true,-40,-2.2311135,-80.8621278
2026-08-12T16:59:06.621Z,263,2,false,-97,-2.2311021,-80.8621033
2026-08-12T16:59:06.670Z,263,1,false,-100,-2.2311021,-80.8621033
2026-08-12T16:59:07.858Z,263,3,true,-40,-2.2311049,-80.862092
2026-08-12T16:59:07.896Z,263,6,true,-40,-2.2311049,-80.862092
2026-08-12T16:59:10.629Z,264,1,false,-100,-2.2311224,-80.8620635
2026-08-12T16:59:10.678Z,264,2,false,-100,-2.2311224,-80.8620635
2026-08-12T16:59:11.850Z,264,3,true,-40,-2.2311267,-80.8620555
2026-08-12T16:59:11.887Z,264,6,true,-40,-2.2311267,-80.8620555
2026-08-12T16:59:14.428Z,265,2,false,-100,-2.2311252,-80.862052
2026-08-12T16:59:14.498Z,265,1,false,-100,-2.2311252,-80.862052
2026-08-12T16:59:15.197Z,265,3,true,-40,-2.2311238,-80.8620595
2026-08-12T16:59:15.257Z,265,6,true,-40,-2.231117,-80.8620465
2026-08-12T16:59:18.645Z,266,1,false,-100,-2.2310954,-80.8619218
2026-08-12T16:59:18.690Z,266,2,false,-100,-2.2310954,-80.8619218
2026-08-12T16:59:19.889Z,266,6,true,-45,-2.2310849,-80.8618979
2026-08-12T16:59:19.938Z,266,3,true,-40,-2.2310849,-80.8618979
2026-08-12T16:59:22.664Z,267,1,false,-100,-2.2310598,-80.8618569
2026-08-12T16:59:22.685Z,267,2,false,-100,-2.2310598,-80.8618569
2026-08-12T16:59:23.779Z,267,6,true,-40,-2.2310574,-80.8618481
2026-08-12T16:59:23.828Z,267,3,true,-40,-2.2310574,-80.8618481
2026-08-12T16:59:25.604Z,268,1,false,-100,-2.2310555,-80.8618417
2026-08-12T16:59:27.085Z,268,2,false,-100,-2.2310543,-80.8618402
2026-08-12T16:59:27.131Z,268,3,true,-40,-2.2310543,-80.8618402
2026-08-12T16:59:28.006Z,268,6,true,-49,-2.2310539,-80.8618411
2026-08-12T16:59:30.674Z,269,2,false,-100,-2.2310853,-80.8618046
2026-08-12T16:59:30.693Z,269,1,false,-100,-2.2310853,-80.8618046
2026-08-12T16:59:31.365Z,269,6,true,-40,-2.2310899,-80.8617982
2026-08-12T16:59:31.424Z,269,3,true,-40,-2.2310899,-80.8617982
2026-08-12T16:59:34.578Z,270,2,false,-100,-2.2310867,-80.861779
2026-08-12T16:59:34.632Z,270,1,false,-100,-2.2310867,-80.861779
2026-08-12T16:59:35.172Z,270,3,true,-40,-2.231089,-80.8617829
2026-08-12T16:59:35.804Z,270,6,true,-49,-2.2310903,-80.861784
2026-08-12T16:59:38.408Z,271,2,false,-100,-2.2310906,-80.86177
2026-08-12T16:59:38.463Z,271,1,false,-100,-2.2310906,-80.86177
2026-08-12T16:59:39.907Z,271,6,true,-45,-2.2311069,-80.8617584
2026-08-12T16:59:39.951Z,271,3,true,-40,-2.2311069,-80.8617584
2026-08-12T16:59:41.626Z,272,1,false,-100,-2.2311174,-80.8617475
2026-08-12T16:59:43.414Z,272,3,true,-40,-2.2312017,-80.8616823
2026-08-12T16:59:43.434Z,272,2,false,-100,-2.2312017,-80.8616823
2026-08-12T16:59:44.637Z,272,6,true,-81,-2.231236,-80.8616355
2026-08-12T16:59:46.673Z,273,2,false,-100,-2.2312699,-80.8615992
2026-08-12T16:59:46.705Z,273,1,false,-100,-2.2312699,-80.8615992
2026-08-12T16:59:47.886Z,273,6,true,-85,-2.2312797,-80.8615844
2026-08-12T16:59:47.926Z,273,3,true,-40,-2.2312797,-80.8615844
2026-08-12T16:59:50.292Z,274,1,false,-100,-2.2312887,-80.8615767
2026-08-12T16:59:50.316Z,274,2,false,-100,-2.2312887,-80.8615767
2026-08-12T16:59:50.863Z,274,3,true,-40,-2.231285,-80.8615754
2026-08-12T16:59:52.464Z,274,6,false,-100,-2.2312833,-80.8615697
2026-08-12T16:59:53.521Z,275,1,false,-100,-2.231281,-80.8615683
2026-08-12T16:59:55.127Z,275,2,false,-100,-2.2312796,-80.8615654
2026-08-12T16:59:55.182Z,275,3,true,-40,-2.2312796,-80.8615654
2026-08-12T16:59:56.054Z,275,6,true,-93,-2.2312785,-80.8615667
2026-08-12T16:59:57.601Z,276,1,false,-100,-2.2312781,-80.861564
2026-08-12T17:00:00.252Z,276,6,false,-100,-2.2313736,-80.8614965
2026-08-12T17:00:00.290Z,276,3,true,-40,-2.2313736,-80.8614965
2026-08-12T17:00:00.299Z,276,2,false,-100,-2.2313736,-80.8614965
2026-08-12T17:00:02.633Z,277,1,false,-100,-2.2314606,-80.861508
2026-08-12T17:00:02.668Z,277,2,false,-100,-2.2314606,-80.861508
2026-08-12T17:00:03.863Z,277,6,true,-93,-2.2314855,-80.8615244
2026-08-12T17:00:03.905Z,277,3,true,-40,-2.2314855,-80.8615244
2026-08-12T17:00:06.533Z,278,1,false,-100,-2.2315049,-80.8615274
2026-08-12T17:00:06.586Z,278,2,false,-100,-2.2315049,-80.8615274
2026-08-12T17:00:07.270Z,278,3,true,-40,-2.2315029,-80.861529
2026-08-12T17:00:08.671Z,278,6,false,-100,-2.2315012,-80.8615298
2026-08-12T17:00:09.552Z,279,1,false,-100,-2.2315239,-80.8615583
2026-08-12T17:00:11.393Z,279,2,false,-100,-2.2315364,-80.8615614
2026-08-12T17:00:11.463Z,279,3,true,-45,-2.2315364,-80.8615614
2026-08-12T17:00:12.410Z,279,6,false,-100,-2.2315598,-80.8615784
2026-08-12T17:00:13.580Z,280,1,false,-100,-2.2315678,-80.8615767
2026-08-12T17:00:15.217Z,280,2,false,-100,-2.2315716,-80.8615716
2026-08-12T17:00:15.265Z,280,3,true,-45,-2.2315716,-80.8615716
2026-08-12T17:00:16.678Z,280,6,false,-100,-2.231614,-80.8615986
2026-08-12T17:00:17.674Z,281,1,false,-100,-2.2316292,-80.8616113
2026-08-12T17:00:19.384Z,281,3,true,-40,-2.2316656,-80.8616099
2026-08-12T17:00:19.425Z,281,2,true,-81,-2.2316656,-80.8616099
2026-08-12T17:00:19.630Z,281,6,false,-100,-2.2316699,-80.8616083
2026-08-12T17:00:22.662Z,282,1,false,-100,-2.2316955,-80.8615686
2026-08-12T17:00:22.678Z,282,2,true,-64,-2.2316955,-80.8615686
2026-08-12T17:00:23.237Z,282,3,true,-40,-2.2316973,-80.8615631
2026-08-12T17:00:24.575Z,282,6,false,-100,-2.2316918,-80.861572
2026-08-12T17:00:26.652Z,283,2,false,-97,-2.2317032,-80.8615808
2026-08-12T17:00:26.688Z,283,1,false,-100,-2.2317032,-80.8615808
2026-08-12T17:00:27.908Z,283,3,true,-45,-2.2316998,-80.8615802
2026-08-12T17:00:27.946Z,283,6,false,-100,-2.2316998,-80.8615802
2026-08-12T17:00:30.692Z,284,2,false,-97,-2.2316984,-80.8615742
2026-08-12T17:00:30.728Z,284,1,false,-100,-2.2316984,-80.8615742
2026-08-12T17:00:30.864Z,284,3,true,-40,-2.2316989,-80.8615773
2026-08-12T17:00:31.628Z,284,6,false,-97,-2.2316987,-80.8615758
2026-08-12T17:00:34.679Z,285,2,false,-100,-2.2316874,-80.8615591
2026-08-12T17:00:34.728Z,285,1,false,-100,-2.2316874,-80.8615591
2026-08-12T17:00:35.738Z,285,3,true,-40,-2.2316815,-80.8615581
2026-08-12T17:00:35.785Z,285,6,false,-97,-2.2316815,-80.8615581
2026-08-12T17:00:38.686Z,286,1,false,-100,-2.2316424,-80.8614936
2026-08-12T17:00:38.727Z,286,2,false,-100,-2.2316424,-80.8614936
2026-08-12T17:00:38.869Z,286,3,true,-45,-2.2316397,-80.8614887
2026-08-12T17:00:40.701Z,286,6,false,-100,-2.231634,-80.8614788
2026-08-12T17:00:41.645Z,287,1,false,-100,-2.2316302,-80.8614656
2026-08-12T17:00:43.054Z,287,3,true,-45,-2.23163,-80.8614625
2026-08-12T17:00:43.097Z,287,2,false,-100,-2.23163,-80.8614625
2026-08-12T17:00:43.757Z,287,6,false,-100,-2.2316302,-80.8614473
2026-08-12T17:00:46.709Z,288,2,false,-100,-2.231621,-80.8614346
2026-08-12T17:00:46.749Z,288,1,false,-100,-2.231621,-80.8614346
2026-08-12T17:00:46.922Z,288,3,true,-52,-2.2316198,-80.8614377
2026-08-12T17:00:48.767Z,288,6,false,-100,-2.2316167,-80.8614109
2026-08-12T17:00:49.655Z,289,1,false,-100,-2.2316201,-80.8613965
2026-08-12T17:00:51.464Z,289,3,true,-57,-2.2316223,-80.8613702
2026-08-12T17:00:51.512Z,289,2,false,-100,-2.2316223,-80.8613702
2026-08-12T17:00:52.862Z,289,6,false,-100,-2.2316229,-80.8613582
2026-08-12T17:00:53.685Z,290,1,false,-100,-2.2316251,-80.8613023
2026-08-12T17:00:55.476Z,290,2,false,-100,-2.2316256,-80.8612814
2026-08-12T17:00:55.532Z,290,3,true,-49,-2.2316256,-80.8612814
2026-08-12T17:00:56.088Z,290,6,false,-100,-2.2316329,-80.8612665
2026-08-12T17:00:57.678Z,291,1,false,-100,-2.2316348,-80.8612562
2026-08-12T17:00:59.223Z,291,2,false,-100,-2.231635,-80.8612508
2026-08-12T17:00:59.263Z,291,3,true,-52,-2.231635,-80.8612508
2026-08-12T17:00:59.828Z,291,6,false,-100,-2.2316349,-80.8612513
2026-08-12T17:01:02.477Z,292,1,false,-100,-2.231635,-80.8612403
2026-08-12T17:01:02.523Z,292,2,false,-100,-2.231635,-80.8612403
2026-08-12T17:01:03.480Z,292,3,true,-64,-2.2316351,-80.8612428
2026-08-12T17:01:04.346Z,292,6,false,-100,-2.2316352,-80.8612443
2026-08-12T17:01:05.672Z,293,1,false,-100,-2.2316354,-80.8612415
2026-08-12T17:01:07.146Z,293,2,false,-100,-2.2316356,-80.8612383
2026-08-12T17:01:07.206Z,293,3,true,-40,-2.2316356,-80.8612383
2026-08-12T17:01:08.801Z,293,6,false,-100,-2.2316355,-80.8612346
2026-08-12T17:01:09.643Z,294,1,false,-100,-2.2316354,-80.8612364
2026-08-12T17:01:10.826Z,294,2,false,-100,-2.2316353,-80.8612344
2026-08-12T17:01:10.846Z,294,3,true,-40,-2.2316353,-80.8612344
2026-08-12T17:01:11.673Z,294,6,false,-100,-2.2316353,-80.8612353
2026-08-12T17:01:14.688Z,295,2,false,-100,-2.2315868,-80.8611199
2026-08-12T17:01:14.738Z,295,1,false,-100,-2.2315868,-80.8611199
2026-08-12T17:01:15.906Z,295,6,false,-100,-2.2315551,-80.861076
2026-08-12T17:01:15.947Z,295,3,true,-40,-2.2315551,-80.861076
2026-08-12T17:01:18.692Z,296,2,false,-100,-2.2314877,-80.8610497
2026-08-12T17:01:18.746Z,296,1,false,-100,-2.2314877,-80.8610497
2026-08-12T17:01:19.961Z,296,6,false,-100,-2.2314685,-80.8610447
2026-08-12T17:01:20.009Z,296,3,true,-40,-2.2314685,-80.8610447
2026-08-12T17:01:21.587Z,297,1,false,-100,-2.2314565,-80.8610417
2026-08-12T17:01:23.056Z,297,2,false,-100,-2.2314648,-80.8610431
2026-08-12T17:01:23.087Z,297,3,true,-45,-2.2314648,-80.8610431
2026-08-12T17:01:23.857Z,297,6,false,-100,-2.2314845,-80.8610422
2026-08-12T17:01:26.124Z,298,1,false,-100,-2.2314863,-80.8610422
2026-08-12T17:01:26.854Z,298,2,false,-100,-2.2314864,-80.8610419
2026-08-12T17:01:26.872Z,298,3,true,-40,-2.2314864,-80.8610419
2026-08-12T17:01:27.701Z,298,6,false,-100,-2.2314863,-80.8610419
2026-08-12T17:01:31.238Z,299,1,false,-100,-2.2313419,-80.861096
2026-08-12T17:01:31.284Z,299,3,true,-40,-2.2313419,-80.861096
2026-08-12T17:01:31.295Z,299,2,false,-100,-2.2313419,-80.861096
2026-08-12T17:01:32.702Z,299,6,false,-100,-2.2312891,-80.8610844
2026-08-12T17:01:34.694Z,300,2,false,-100,-2.2312645,-80.8610616
2026-08-12T17:01:34.724Z,300,1,false,-100,-2.2312645,-80.8610616
2026-08-12T17:01:35.914Z,300,3,true,-40,-2.2312517,-80.8610531
2026-08-12T17:01:35.946Z,300,6,false,-100,-2.2312517,-80.8610531
2026-08-12T17:01:37.810Z,301,1,false,-100,-2.2312455,-80.8610482
2026-08-12T17:01:38.912Z,301,3,true,-40,-2.2312461,-80.8610477
2026-08-12T17:01:38.964Z,301,2,false,-100,-2.2312461,-80.8610477
2026-08-12T17:01:39.628Z,301,6,false,-100,-2.2312472,-80.861048
2026-08-12T17:01:42.042Z,302,1,false,-100,-2.2312488,-80.8610478
2026-08-12T17:01:43.467Z,302,2,false,-100,-2.2312229,-80.8610616
2026-08-12T17:01:43.514Z,302,3,true,-40,-2.2312229,-80.8610616
2026-08-12T17:01:43.586Z,302,6,true,-88,-2.2312197,-80.8610654
2026-08-12T17:01:46.716Z,303,2,false,-100,-2.2311332,-80.8610909
2026-08-12T17:01:46.772Z,303,1,false,-100,-2.2311332,-80.8610909
2026-08-12T17:01:47.968Z,303,6,true,-64,-2.2311117,-80.8611022
2026-08-12T17:01:48.008Z,303,3,true,-40,-2.2311117,-80.8611022
2026-08-12T17:01:50.739Z,304,1,false,-100,-2.231069,-80.8611251
2026-08-12T17:01:50.781Z,304,2,false,-100,-2.231069,-80.8611251
2026-08-12T17:01:51.914Z,304,3,true,-40,-2.2310612,-80.8611277
2026-08-12T17:01:51.952Z,304,6,true,-45,-2.2310612,-80.8611277
2026-08-12T17:01:53.751Z,305,1,false,-100,-2.2310607,-80.8611238
2026-08-12T17:01:55.489Z,305,3,true,-40,-2.2310481,-80.8610982
2026-08-12T17:01:55.527Z,305,2,false,-100,-2.2310481,-80.8610982
2026-08-12T17:01:55.537Z,305,6,true,-49,-2.2310481,-80.8610982
2026-08-12T17:01:58.625Z,306,2,false,-100,-2.2310243,-80.8610537
2026-08-12T17:01:58.673Z,306,1,false,-100,-2.2310243,-80.8610537
2026-08-12T17:01:59.697Z,306,6,true,-73,-2.2310117,-80.8610361
2026-08-12T17:01:59.749Z,306,3,true,-40,-2.2310117,-80.8610361
2026-08-12T17:02:02.709Z,307,1,false,-100,-2.2309902,-80.8610423
2026-08-12T17:02:02.756Z,307,2,false,-100,-2.2309902,-80.8610423
2026-08-12T17:02:03.541Z,307,3,true,-40,-2.2309864,-80.8610486
2026-08-12T17:02:04.119Z,307,6,true,-88,-2.2309851,-80.8610522
2026-08-12T17:02:05.652Z,308,1,false,-100,-2.2309838,-80.8610464
2026-08-12T17:02:06.985Z,308,2,false,-100,-2.2309837,-80.8610734
2026-08-12T17:02:07.019Z,308,3,true,-40,-2.2309837,-80.8610734
2026-08-12T17:02:08.431Z,308,6,false,-97,-2.230919,-80.8609491
2026-08-12T17:02:10.497Z,309,1,false,-100,-2.2309141,-80.8609323
2026-08-12T17:02:10.533Z,309,2,false,-100,-2.2309141,-80.8609323
2026-08-12T17:02:11.904Z,309,3,true,-40,-2.2309051,-80.8609374
2026-08-12T17:02:11.953Z,309,6,true,-93,-2.2309051,-80.8609374
2026-08-12T17:02:13.739Z,310,1,false,-100,-2.2309013,-80.8609353
2026-08-12T17:02:14.886Z,310,2,false,-100,-2.2309003,-80.8609366
2026-08-12T17:02:16.012Z,310,3,true,-52,-2.2309001,-80.8609366
2026-08-12T17:02:16.063Z,310,6,false,-100,-2.2309001,-80.8609366
2026-08-12T17:02:17.611Z,311,1,false,-100,-2.2309004,-80.8609327
2026-08-12T17:02:19.239Z,311,3,true,-45,-2.2309009,-80.8609309
2026-08-12T17:02:19.302Z,311,2,false,-100,-2.2309009,-80.8609309
2026-08-12T17:02:20.772Z,311,6,false,-100,-2.2308282,-80.8609598
2026-08-12T17:02:21.618Z,312,1,false,-100,-2.2307965,-80.8609829
2026-08-12T17:02:22.879Z,312,3,true,-40,-2.2307734,-80.860993
2026-08-12T17:02:22.927Z,312,2,false,-100,-2.2307734,-80.860993
2026-08-12T17:02:24.350Z,312,6,false,-97,-2.2307587,-80.8609852
2026-08-12T17:02:25.839Z,313,1,false,-100,-2.2307516,-80.860975
2026-08-12T17:02:27.568Z,313,2,false,-100,-2.2306062,-80.8610172
2026-08-12T17:02:27.605Z,313,3,true,-49,-2.2306062,-80.8610172
2026-08-12T17:02:28.794Z,313,6,false,-100,-2.2305732,-80.8610305
2026-08-12T17:02:30.767Z,314,2,false,-100,-2.2305468,-80.8610335
2026-08-12T17:02:30.814Z,314,1,false,-100,-2.2305468,-80.8610335
2026-08-12T17:02:32.204Z,314,3,false,-85,-2.2305262,-80.8610301
2026-08-12T17:02:32.244Z,314,6,false,-100,-2.2305262,-80.8610301
2026-08-12T17:02:33.671Z,315,1,false,-100,-2.2305163,-80.8610297
2026-08-12T17:02:35.484Z,315,2,false,-100,-2.230492,-80.8610253
2026-08-12T17:02:35.526Z,315,3,true,-81,-2.230492,-80.8610253
2026-08-12T17:02:36.975Z,315,6,false,-100,-2.2304864,-80.86102
2026-08-12T17:02:38.701Z,316,1,false,-100,-2.2305063,-80.8609908
2026-08-12T17:02:38.745Z,316,2,false,-100,-2.2305063,-80.8609908
2026-08-12T17:02:40.099Z,316,6,false,-100,-2.2305102,-80.8609789
2026-08-12T17:02:40.144Z,316,3,true,-57,-2.2305102,-80.8609789
2026-08-12T17:02:42.669Z,317,2,false,-100,-2.2305112,-80.8609718
2026-08-12T17:02:42.727Z,317,1,false,-100,-2.2305112,-80.8609718
2026-08-12T17:02:43.297Z,317,3,false,-97,-2.2305022,-80.8609694
2026-08-12T17:02:45.093Z,317,6,false,-100,-2.2304945,-80.8609532
2026-08-12T17:02:46.731Z,318,2,false,-100,-2.2304861,-80.8609468
2026-08-12T17:02:46.783Z,318,1,false,-100,-2.2304861,-80.8609468
2026-08-12T17:02:47.953Z,318,6,true,-85,-2.2304825,-80.8609432
2026-08-12T17:02:47.997Z,318,3,true,-40,-2.2304825,-80.8609432
2026-08-12T17:02:50.748Z,319,1,false,-100,-2.2304776,-80.8609395
2026-08-12T17:02:50.787Z,319,2,false,-100,-2.2304776,-80.8609395
2026-08-12T17:02:51.983Z,319,6,false,-100,-2.2304757,-80.8609389
2026-08-12T17:02:52.027Z,319,3,true,-40,-2.2304757,-80.8609389
2026-08-12T17:02:54.435Z,320,2,false,-100,-2.2304757,-80.8609386
2026-08-12T17:02:54.482Z,320,1,false,-100,-2.2304757,-80.8609386
2026-08-12T17:02:55.841Z,320,3,false,-85,-2.2304767,-80.8609394
2026-08-12T17:02:56.456Z,320,6,false,-100,-2.2304765,-80.8609387
2026-08-12T17:02:57.708Z,321,1,false,-100,-2.2304764,-80.8609379
2026-08-12T17:02:59.329Z,321,3,false,-85,-2.2304765,-80.8609372
2026-08-12T17:02:59.384Z,321,2,false,-100,-2.2304765,-80.8609372
2026-08-12T17:03:00.029Z,321,6,false,-100,-2.2304767,-80.8609373
2026-08-12T17:03:02.754Z,322,1,false,-100,-2.2304769,-80.8609366
2026-08-12T17:03:02.792Z,322,2,false,-100,-2.2304769,-80.8609366
2026-08-12T17:03:04.171Z,322,6,false,-100,-2.230477,-80.8609373
2026-08-12T17:03:04.223Z,322,3,false,-85,-2.230477,-80.8609373
2026-08-12T17:03:05.736Z,323,1,false,-100,-2.2304771,-80.8609371
2026-08-12T17:03:07.524Z,323,3,true,-76,-2.230474,-80.8609617
2026-08-12T17:03:07.568Z,323,2,false,-100,-2.230474,-80.8609617
2026-08-12T17:03:09.033Z,323,6,false,-100,-2.2304708,-80.8609883
2026-08-12T17:03:09.756Z,324,1,false,-100,-2.2304712,-80.8609943
2026-08-12T17:03:10.558Z,324,2,false,-100,-2.2304723,-80.8609972
2026-08-12T17:03:11.970Z,324,6,false,-100,-2.2304738,-80.860999
2026-08-12T17:03:12.023Z,324,3,true,-61,-2.2304738,-80.860999
2026-08-12T17:03:14.142Z,325,1,false,-100,-2.2304731,-80.8609918
2026-08-12T17:03:15.003Z,325,2,false,-100,-2.2304723,-80.8609909
2026-08-12T17:03:15.038Z,325,3,true,-49,-2.2304723,-80.8609909
2026-08-12T17:03:16.007Z,325,6,false,-97,-2.2304719,-80.8609894
2026-08-12T17:03:18.730Z,326,2,false,-100,-2.2304714,-80.8609835
2026-08-12T17:03:18.775Z,326,1,false,-100,-2.2304714,-80.8609835
2026-08-12T17:03:19.449Z,326,3,true,-52,-2.2304711,-80.8609868
2026-08-12T17:03:20.503Z,326,6,false,-100,-2.2304711,-80.8609847
2026-08-12T17:03:21.722Z,327,1,false,-100,-2.2304709,-80.8609828
2026-08-12T17:03:23.271Z,327,2,false,-100,-2.2304707,-80.8609798
2026-08-12T17:03:23.322Z,327,3,true,-61,-2.2304707,-80.8609798
2026-08-12T17:03:23.769Z,327,6,true,-93,-2.2304706,-80.8609829
2026-08-12T17:03:26.747Z,328,2,false,-100,-2.2304783,-80.8610177
2026-08-12T17:03:26.786Z,328,1,false,-100,-2.2304783,-80.8610177
2026-08-12T17:03:27.748Z,328,6,true,-93,-2.2304816,-80.8610574
2026-08-12T17:03:27.797Z,328,3,true,-40,-2.2304816,-80.8610574
2026-08-12T17:03:29.737Z,329,1,false,-100,-2.2304839,-80.8610597
2026-08-12T17:03:30.893Z,329,2,false,-100,-2.2304845,-80.8610639
2026-08-12T17:03:31.248Z,329,3,true,-45,-2.230484,-80.8611141
2026-08-12T17:03:32.761Z,329,6,true,-76,-2.2304406,-80.8612371
2026-08-12T17:03:33.656Z,330,1,false,-100,-2.23044,-80.8612689
2026-08-12T17:03:34.477Z,330,2,false,-100,-2.2304409,-80.8612824
2026-08-12T17:03:35.693Z,330,3,true,-40,-2.2304414,-80.8612954
2026-08-12T17:03:35.710Z,330,6,false,-100,-2.2304414,-80.8612954
2026-08-12T17:03:38.801Z,331,2,false,-100,-2.2304906,-80.8614391
2026-08-12T17:03:38.844Z,331,1,false,-100,-2.2304906,-80.8614391
2026-08-12T17:03:40.020Z,331,3,true,-45,-2.2304983,-80.8615069
2026-08-12T17:03:40.066Z,331,6,false,-97,-2.2304983,-80.8615069
2026-08-12T17:03:42.731Z,332,1,false,-100,-2.230485,-80.8615272
2026-08-12T17:03:42.784Z,332,2,false,-100,-2.230485,-80.8615272
2026-08-12T17:03:44.012Z,332,6,true,-88,-2.230488,-80.8615381
2026-08-12T17:03:44.056Z,332,3,true,-40,-2.230488,-80.8615381
2026-08-12T17:03:45.854Z,333,1,false,-100,-2.2304902,-80.8615474
2026-08-12T17:03:47.023Z,333,2,false,-100,-2.2304897,-80.8615325
2026-08-12T17:03:47.082Z,333,3,true,-40,-2.2304897,-80.8615325
2026-08-12T17:03:47.664Z,333,6,true,-88,-2.2304889,-80.8615274
2026-08-12T17:03:50.547Z,334,1,false,-100,-2.2304883,-80.8615062
2026-08-12T17:03:50.604Z,334,2,false,-100,-2.2304883,-80.8615062
2026-08-12T17:03:51.990Z,334,3,true,-40,-2.2305025,-80.8615652
2026-08-12T17:03:52.040Z,334,6,true,-64,-2.2305025,-80.8615652
2026-08-12T17:03:53.759Z,335,1,false,-100,-2.2305018,-80.861573
2026-08-12T17:03:55.550Z,335,6,true,-57,-2.2304968,-80.8615561
2026-08-12T17:03:55.593Z,335,2,false,-100,-2.2304968,-80.8615561
2026-08-12T17:03:55.608Z,335,3,true,-40,-2.2304968,-80.8615561
2026-08-12T17:03:58.750Z,336,1,false,-100,-2.2304949,-80.8615299
2026-08-12T17:03:58.804Z,336,2,false,-100,-2.2304949,-80.8615299
2026-08-12T17:03:59.439Z,336,3,true,-40,-2.2305495,-80.8615609
2026-08-12T17:04:00.516Z,336,6,true,-88,-2.2305643,-80.8615656
2026-08-12T17:04:02.576Z,337,1,false,-100,-2.2305727,-80.8615588
2026-08-12T17:04:02.596Z,337,2,false,-100,-2.2305727,-80.8615588
2026-08-12T17:04:03.041Z,337,3,true,-40,-2.2305741,-80.8615635
2026-08-12T17:04:04.778Z,337,6,true,-88,-2.2305762,-80.8615555
2026-08-12T17:04:05.767Z,338,1,false,-100,-2.2305959,-80.8615601
2026-08-12T17:04:07.476Z,338,3,true,-40,-2.2306129,-80.86156
2026-08-12T17:04:07.543Z,338,2,false,-100,-2.2306129,-80.86156
2026-08-12T17:04:08.101Z,338,6,true,-73,-2.2306136,-80.8615641
2026-08-12T17:04:09.768Z,339,1,false,-100,-2.2306166,-80.8615563
2026-08-12T17:04:11.585Z,339,6,true,-40,-2.2306724,-80.861556
2026-08-12T17:04:11.626Z,339,2,false,-100,-2.2306724,-80.861556
2026-08-12T17:04:11.637Z,339,3,true,-40,-2.2306724,-80.861556
2026-08-12T17:04:14.866Z,340,1,false,-100,-2.2308338,-80.86168
2026-08-12T17:04:14.879Z,340,2,false,-100,-2.2308338,-80.86168
2026-08-12T17:04:16.057Z,340,6,true,-69,-2.2308547,-80.8617033
2026-08-12T17:04:16.098Z,340,3,true,-40,-2.2308547,-80.8617033
2026-08-12T17:04:18.796Z,341,1,false,-100,-2.230886,-80.8617231
2026-08-12T17:04:18.833Z,341,2,false,-100,-2.230886,-80.8617231
2026-08-12T17:04:20.000Z,341,6,true,-40,-2.2308989,-80.8617284
2026-08-12T17:04:20.048Z,341,3,true,-40,-2.2308989,-80.8617284
2026-08-12T17:04:21.755Z,342,1,false,-100,-2.2309068,-80.8617284
2026-08-12T17:04:23.548Z,342,2,false,-100,-2.2309232,-80.8617034
2026-08-12T17:04:23.582Z,342,3,true,-40,-2.2309232,-80.8617034
2026-08-12T17:04:24.245Z,342,6,true,-61,-2.2309333,-80.861696
2026-08-12T17:04:26.799Z,343,2,false,-97,-2.2309484,-80.8616758
2026-08-12T17:04:26.834Z,343,1,false,-100,-2.2309484,-80.8616758
2026-08-12T17:04:27.397Z,343,6,true,-40,-2.2309556,-80.8616688
2026-08-12T17:04:27.418Z,343,3,true,-40,-2.2309556,-80.8616688
2026-08-12T17:04:30.809Z,344,1,false,-100,-2.2309623,-80.8616259
2026-08-12T17:04:30.858Z,344,2,false,-100,-2.2309623,-80.8616259
2026-08-12T17:04:32.031Z,344,6,true,-40,-2.2309669,-80.8616116
2026-08-12T17:04:32.078Z,344,3,true,-40,-2.2309669,-80.8616116
2026-08-12T17:04:34.785Z,345,2,false,-100,-2.2309843,-80.8615885
2026-08-12T17:04:34.838Z,345,1,false,-100,-2.2309843,-80.8615885
2026-08-12T17:04:36.033Z,345,6,true,-40,-2.2309913,-80.8615832
2026-08-12T17:04:36.069Z,345,3,true,-40,-2.2309913,-80.8615832
2026-08-12T17:04:37.719Z,346,1,false,-100,-2.2309928,-80.8615809
2026-08-12T17:04:39.012Z,346,3,true,-40,-2.2309923,-80.8615792
2026-08-12T17:04:39.062Z,346,2,false,-100,-2.2309923,-80.8615792
2026-08-12T17:04:39.663Z,346,6,true,-57,-2.2309917,-80.8615789
2026-08-12T17:04:42.778Z,347,1,false,-100,-2.2310373,-80.8615463
2026-08-12T17:04:42.814Z,347,2,false,-100,-2.2310373,-80.8615463
2026-08-12T17:04:43.547Z,347,6,true,-52,-2.2310424,-80.8615435
2026-08-12T17:04:43.603Z,347,3,true,-40,-2.2310424,-80.8615435
2026-08-12T17:04:46.810Z,348,1,false,-100,-2.2310789,-80.8615145
2026-08-12T17:04:46.865Z,348,2,false,-100,-2.2310789,-80.8615145
2026-08-12T17:04:48.030Z,348,6,true,-45,-2.2310963,-80.8615027
2026-08-12T17:04:48.076Z,348,3,true,-40,-2.2310963,-80.8615027
2026-08-12T17:04:50.817Z,349,1,false,-100,-2.2311154,-80.8614825
2026-08-12T17:04:50.866Z,349,2,false,-100,-2.2311154,-80.8614825
2026-08-12T17:04:52.027Z,349,6,true,-69,-2.2311162,-80.8614686
2026-08-12T17:04:52.070Z,349,3,true,-40,-2.2311162,-80.8614686
2026-08-12T17:04:54.811Z,350,2,false,-100,-2.2311258,-80.861459
2026-08-12T17:04:54.848Z,350,1,false,-100,-2.2311258,-80.861459
2026-08-12T17:04:55.018Z,350,3,true,-40,-2.2311254,-80.8614589
2026-08-12T17:04:56.113Z,350,6,false,-97,-2.2311254,-80.8614563
2026-08-12T17:04:57.734Z,351,1,false,-100,-2.2311254,-80.8614527
2026-08-12T17:04:59.308Z,351,3,true,-40,-2.2311254,-80.8614591
2026-08-12T17:04:59.346Z,351,2,false,-100,-2.2311254,-80.8614591
2026-08-12T17:04:59.861Z,351,6,false,-100,-2.2311294,-80.861444
2026-08-12T17:05:02.826Z,352,2,false,-100,-2.2311771,-80.8614352
2026-08-12T17:05:02.869Z,352,1,false,-100,-2.2311771,-80.8614352
2026-08-12T17:05:04.079Z,352,3,true,-40,-2.2311886,-80.8614162
2026-08-12T17:05:04.124Z,352,6,false,-100,-2.2311886,-80.8614162
2026-08-12T17:05:06.812Z,353,1,false,-100,-2.2311783,-80.8613925
2026-08-12T17:05:06.849Z,353,2,false,-100,-2.2311783,-80.8613925
2026-08-12T17:05:08.054Z,353,3,true,-40,-2.2311744,-80.8613873
2026-08-12T17:05:08.090Z,353,6,true,-93,-2.2311744,-80.8613873
2026-08-12T17:05:09.770Z,354,1,false,-100,-2.231174,-80.8613832
2026-08-12T17:05:11.286Z,354,3,true,-40,-2.231174,-80.861382
2026-08-12T17:05:11.343Z,354,2,false,-100,-2.231174,-80.861382
2026-08-12T17:05:12.734Z,354,6,true,-81,-2.2311585,-80.8613704
2026-08-12T17:05:14.822Z,355,1,false,-100,-2.2311423,-80.8613599
2026-08-12T17:05:14.864Z,355,2,false,-100,-2.2311423,-80.8613599
2026-08-12T17:05:15.689Z,355,6,true,-49,-2.2311412,-80.8613625
2026-08-12T17:05:15.746Z,355,3,true,-40,-2.2311412,-80.8613625
2026-08-12T17:05:18.502Z,356,2,false,-100,-2.2311423,-80.8613609
2026-08-12T17:05:18.527Z,356,1,false,-100,-2.2311423,-80.8613609
2026-08-12T17:05:20.369Z,356,3,false,-93,-2.231142,-80.8613614
2026-08-12T17:05:20.406Z,356,6,false,-100,-2.231142,-80.8613614
2026-08-12T17:05:22.703Z,357,2,false,-100,-2.2311416,-80.8613605
2026-08-12T17:05:22.766Z,357,1,false,-100,-2.2311416,-80.8613605
2026-08-12T17:05:23.290Z,357,3,false,-100,-2.2311413,-80.8613612
2026-08-12T17:05:24.704Z,357,6,false,-100,-2.2311409,-80.8613601
2026-08-12T17:05:26.779Z,358,1,false,-100,-2.2311267,-80.8613852
2026-08-12T17:05:26.809Z,358,2,false,-100,-2.2311267,-80.8613852
2026-08-12T17:05:28.328Z,358,6,false,-100,-2.2310913,-80.8614063
2026-08-12T17:05:28.354Z,358,3,false,-100,-2.2310913,-80.8614063
2026-08-12T17:05:30.439Z,359,1,false,-100,-2.2310813,-80.8614129
2026-08-12T17:05:30.457Z,359,2,false,-100,-2.2310813,-80.8614129
2026-08-12T17:05:31.287Z,359,3,false,-100,-2.2310806,-80.8614101
2026-08-12T17:05:32.499Z,359,6,false,-100,-2.2310804,-80.8614073
2026-08-12T17:05:33.797Z,360,1,false,-100,-2.2310802,-80.8614052
2026-08-12T17:05:35.034Z,360,2,false,-100,-2.2310804,-80.8614041
2026-08-12T17:05:35.487Z,360,3,false,-100,-2.2310806,-80.8614051
2026-08-12T17:05:36.742Z,360,6,false,-100,-2.2310817,-80.8614128
2026-08-12T17:05:37.847Z,361,1,false,-100,-2.2310618,-80.8614357
2026-08-12T17:05:38.509Z,361,2,false,-100,-2.2310587,-80.8614513
2026-08-12T17:05:39.744Z,361,3,false,-100,-2.2310559,-80.861461
2026-08-12T17:05:40.749Z,361,6,false,-100,-2.2310554,-80.8614566
2026-08-12T17:05:41.962Z,362,1,false,-100,-2.2310555,-80.8614509
2026-08-12T17:05:43.040Z,362,2,false,-100,-2.2310558,-80.8614473
2026-08-12T17:05:44.382Z,362,6,false,-100,-2.2310651,-80.8615706
2026-08-12T17:05:44.426Z,362,3,false,-100,-2.2310651,-80.8615706
2026-08-12T17:05:46.845Z,363,2,false,-100,-2.2310764,-80.861656
2026-08-12T17:05:46.885Z,363,1,false,-100,-2.2310764,-80.861656
2026-08-12T17:05:48.182Z,363,3,false,-100,-2.2310684,-80.861679
2026-08-12T17:05:48.238Z,363,6,false,-100,-2.2310684,-80.861679
2026-08-12T17:05:49.748Z,364,1,false,-100,-2.231055,-80.8617028
2026-08-12T17:05:51.326Z,364,2,false,-100,-2.2310333,-80.8617216
2026-08-12T17:05:51.383Z,364,3,false,-100,-2.2310333,-80.8617216
2026-08-12T17:05:52.162Z,364,6,false,-100,-2.2310124,-80.8617252
2026-08-12T17:05:54.188Z,365,1,false,-100,-2.2309777,-80.8617322
2026-08-12T17:05:54.658Z,365,2,false,-100,-2.2309637,-80.8617235
2026-08-12T17:05:55.350Z,365,3,false,-100,-2.2309516,-80.8617179
2026-08-12T17:05:56.182Z,365,6,false,-100,-2.2309409,-80.8617135
2026-08-12T17:05:58.812Z,366,1,false,-100,-2.2310428,-80.8618635
2026-08-12T17:05:58.852Z,366,2,false,-100,-2.2310428,-80.8618635
2026-08-12T17:06:00.370Z,366,6,false,-100,-2.2310341,-80.8618828
2026-08-12T17:06:00.414Z,366,3,false,-100,-2.2310341,-80.8618828
2026-08-12T17:06:02.788Z,367,2,false,-100,-2.2310345,-80.8619159
2026-08-12T17:06:02.829Z,367,1,false,-100,-2.2310345,-80.8619159
2026-08-12T17:06:04.381Z,367,6,false,-100,-2.2310324,-80.8619472
2026-08-12T17:06:04.429Z,367,3,false,-100,-2.2310324,-80.8619472
2026-08-12T17:06:06.469Z,368,1,false,-100,-2.2310342,-80.8619619
2026-08-12T17:06:07.541Z,368,3,false,-100,-2.2310336,-80.8619618
2026-08-12T17:06:07.600Z,368,2,false,-100,-2.2310336,-80.8619618
2026-08-12T17:06:09.110Z,368,6,false,-100,-2.2310331,-80.8619596
2026-08-12T17:06:10.160Z,369,1,false,-100,-2.2310324,-80.8619561
2026-08-12T17:06:11.045Z,369,2,false,-100,-2.2310317,-80.8619542
2026-08-12T17:06:12.387Z,369,3,false,-100,-2.2310336,-80.8620087
2026-08-12T17:06:12.426Z,369,6,false,-100,-2.2310336,-80.8620087
2026-08-12T17:06:14.681Z,370,1,false,-100,-2.2310313,-80.8620115
2026-08-12T17:06:14.726Z,370,2,false,-100,-2.2310313,-80.8620115
2026-08-12T17:06:16.163Z,370,3,false,-100,-2.2310331,-80.8620052
2026-08-12T17:06:16.223Z,370,6,false,-100,-2.2310331,-80.8620052
2026-08-12T17:06:18.216Z,371,1,false,-100,-2.2310344,-80.8619942
2026-08-12T17:06:19.079Z,371,2,false,-100,-2.2310359,-80.8619964
2026-08-12T17:06:20.382Z,371,6,false,-100,-2.2310516,-80.8621209
2026-08-12T17:06:20.421Z,371,3,false,-100,-2.2310516,-80.8621209
2026-08-12T17:06:21.858Z,372,1,false,-100,-2.2310452,-80.8621563
2026-08-12T17:06:23.629Z,372,3,false,-100,-2.2310378,-80.8622049
2026-08-12T17:06:23.665Z,372,2,false,-100,-2.2310378,-80.8622049
2026-08-12T17:06:24.166Z,372,6,false,-100,-2.2310355,-80.8622165
2026-08-12T17:06:26.824Z,373,2,false,-100,-2.2310283,-80.8622644
2026-08-12T17:06:26.867Z,373,1,false,-100,-2.2310283,-80.8622644
2026-08-12T17:06:27.326Z,373,3,false,-100,-2.2310286,-80.8622725
2026-08-12T17:06:29.092Z,373,6,false,-100,-2.2310267,-80.8622869
2026-08-12T17:06:29.829Z,374,1,false,-100,-2.2310271,-80.8622745
2026-08-12T17:06:31.605Z,374,3,false,-100,-2.2310474,-80.8622959
2026-08-12T17:06:31.645Z,374,2,false,-100,-2.2310474,-80.8622959
2026-08-12T17:06:32.189Z,374,6,false,-100,-2.2310536,-80.8623138
2026-08-12T17:06:34.125Z,375,1,false,-100,-2.2310608,-80.8623304
2026-08-12T17:06:34.599Z,375,2,false,-100,-2.2310602,-80.8623248
2026-08-12T17:06:35.395Z,375,3,false,-100,-2.2310607,-80.8623157
2026-08-12T17:06:36.777Z,375,6,false,-100,-2.2310608,-80.862304
2026-08-12T17:06:38.715Z,376,2,false,-100,-2.2310595,-80.8622912
2026-08-12T17:06:38.760Z,376,1,false,-100,-2.2310595,-80.8622912
2026-08-12T17:06:39.289Z,376,3,false,-100,-2.2310582,-80.8622944
2026-08-12T17:06:40.795Z,376,6,false,-100,-2.2310579,-80.8622865
2026-08-12T17:06:42.835Z,377,1,false,-100,-2.2310576,-80.8622785
2026-08-12T17:06:42.876Z,377,2,false,-100,-2.2310576,-80.8622785
2026-08-12T17:06:43.417Z,377,3,false,-100,-2.2310576,-80.8622814
2026-08-12T17:06:44.733Z,377,6,false,-100,-2.2310575,-80.8622754
2026-08-12T17:06:46.822Z,378,2,false,-100,-2.2310705,-80.862408
2026-08-12T17:06:46.863Z,378,1,false,-100,-2.2310705,-80.862408
2026-08-12T17:06:47.309Z,378,3,false,-100,-2.2310744,-80.8624607
2026-08-12T17:06:48.966Z,378,6,false,-100,-2.2310856,-80.8625006
2026-08-12T17:06:50.269Z,379,1,false,-100,-2.2310941,-80.8625095
2026-08-12T17:06:51.617Z,379,3,false,-100,-2.2310323,-80.8625637
2026-08-12T17:06:51.648Z,379,2,false,-100,-2.2310323,-80.8625637
2026-08-12T17:06:52.177Z,379,6,false,-100,-2.2310176,-80.8625754
2026-08-12T17:06:54.869Z,380,1,false,-100,-2.2310003,-80.862643
2026-08-12T17:06:54.917Z,380,2,false,-100,-2.2310003,-80.862643
2026-08-12T17:06:56.404Z,380,3,false,-100,-2.2310583,-80.8626822
2026-08-12T17:06:56.449Z,380,6,false,-100,-2.2310583,-80.8626822
2026-08-12T17:06:58.811Z,381,2,false,-100,-2.2310764,-80.8627215
2026-08-12T17:06:58.857Z,381,1,false,-100,-2.2310764,-80.8627215
2026-08-12T17:07:00.308Z,381,6,false,-100,-2.2310769,-80.8627266
2026-08-12T17:07:00.362Z,381,3,false,-100,-2.2310769,-80.8627266
2026-08-12T17:07:01.843Z,382,1,false,-100,-2.2310775,-80.8627132
2026-08-12T17:07:03.092Z,382,2,false,-100,-2.2310703,-80.862707
2026-08-12T17:07:04.119Z,382,6,false,-100,-2.2310657,-80.8627065
2026-08-12T17:07:04.156Z,382,3,false,-100,-2.2310657,-80.8627065
2026-08-12T17:07:05.832Z,383,1,false,-100,-2.2310632,-80.8627004
2026-08-12T17:07:07.282Z,383,2,false,-100,-2.2310765,-80.8627198
2026-08-12T17:07:07.316Z,383,3,false,-100,-2.2310529,-80.8627266
2026-08-12T17:07:08.556Z,383,6,false,-100,-2.2310556,-80.8627299
2026-08-12T17:07:09.792Z,384,1,false,-100,-2.2310558,-80.8627271
2026-08-12T17:07:11.217Z,384,2,false,-100,-2.231054,-80.8627234
2026-08-12T17:07:11.234Z,384,3,false,-100,-2.231054,-80.8627234
2026-08-12T17:07:13.248Z,384,6,false,-100,-2.2310437,-80.8627406
2026-08-12T17:07:13.707Z,385,1,false,-100,-2.2310394,-80.8627643
2026-08-12T17:07:15.373Z,385,2,false,-100,-2.2310338,-80.8627726
2026-08-12T17:07:15.422Z,385,3,false,-100,-2.2310338,-80.8627726
2026-08-12T17:07:16.145Z,385,6,false,-100,-2.2310344,-80.8627678
2026-08-12T17:07:18.557Z,386,1,false,-100,-2.2310332,-80.86275
2026-08-12T17:07:18.605Z,386,2,false,-100,-2.2310332,-80.86275
2026-08-12T17:07:19.299Z,386,3,false,-100,-2.231035,-80.8627498
2026-08-12T17:07:20.871Z,386,6,false,-100,-2.2310359,-80.8627425
2026-08-12T17:07:22.808Z,387,2,false,-100,-2.2308225,-80.8629118
2026-08-12T17:07:22.844Z,387,1,false,-100,-2.2308225,-80.8629118
2026-08-12T17:07:23.401Z,387,3,false,-100,-2.2308294,-80.8629232
2026-08-12T17:07:24.085Z,387,6,false,-100,-2.2308309,-80.8629238
2026-08-12T17:07:26.883Z,388,1,false,-100,-2.2307495,-80.8629229
2026-08-12T17:07:26.937Z,388,2,false,-100,-2.2307495,-80.8629229
2026-08-12T17:07:28.381Z,388,6,false,-100,-2.2306899,-80.8628891
2026-08-12T17:07:28.427Z,388,3,false,-100,-2.2306899,-80.8628891
2026-08-12T17:07:30.795Z,389,2,false,-100,-2.2306565,-80.8628703
2026-08-12T17:07:30.845Z,389,1,false,-100,-2.2306565,-80.8628703
2026-08-12T17:07:32.134Z,389,6,false,-100,-2.2306486,-80.8628647
2026-08-12T17:07:32.164Z,389,3,false,-100,-2.2306486,-80.8628647
2026-08-12T17:07:34.240Z,390,1,false,-100,-2.2306475,-80.8628543
2026-08-12T17:07:35.155Z,390,2,false,-100,-2.2306505,-80.8628542
2026-08-12T17:07:36.075Z,390,3,false,-100,-2.2306525,-80.862853
2026-08-12T17:07:36.092Z,390,6,false,-100,-2.2306525,-80.862853
2026-08-12T17:07:37.870Z,391,1,false,-100,-2.2306541,-80.8628481
2026-08-12T17:07:39.420Z,391,2,false,-100,-2.2306553,-80.8628463
2026-08-12T17:07:39.464Z,391,3,false,-100,-2.2306553,-80.8628463
2026-08-12T17:07:40.166Z,391,6,false,-100,-2.2306557,-80.8628488
2026-08-12T17:07:42.894Z,392,2,false,-100,-2.2305468,-80.8629276
2026-08-12T17:07:42.928Z,392,1,false,-100,-2.2305468,-80.8629276
2026-08-12T17:07:44.319Z,392,6,false,-100,-2.2305347,-80.8629599
2026-08-12T17:07:44.346Z,392,3,false,-100,-2.2305347,-80.8629599
2026-08-12T17:07:46.796Z,393,2,false,-100,-2.2305322,-80.8629911
2026-08-12T17:07:46.839Z,393,1,false,-100,-2.2305322,-80.8629911
2026-08-12T17:07:47.461Z,393,3,false,-100,-2.2305289,-80.8629998
2026-08-12T17:07:48.164Z,393,6,false,-100,-2.2305237,-80.8630075
2026-08-12T17:07:50.276Z,394,1,false,-100,-2.2305094,-80.8630279
2026-08-12T17:07:50.714Z,394,2,false,-100,-2.2304949,-80.8630234
2026-08-12T17:07:52.132Z,394,3,false,-100,-2.2304719,-80.8630224
2026-08-12T17:07:52.184Z,394,6,false,-100,-2.2304719,-80.8630224
2026-08-12T17:07:53.768Z,395,1,false,-100,-2.230444,-80.8630121
2026-08-12T17:07:56.252Z,395,3,false,-100,-2.2304821,-80.8629957
2026-08-12T17:07:56.290Z,395,6,false,-100,-2.2304821,-80.8629957
2026-08-12T17:07:56.300Z,395,2,false,-100,-2.2304821,-80.8629957
2026-08-12T17:07:59.225Z,396,1,false,-100,-2.2305288,-80.863016
2026-08-12T17:07:59.260Z,396,2,false,-100,-2.2305288,-80.863016
2026-08-12T17:08:00.252Z,396,3,false,-100,-2.2305349,-80.8630214
2026-08-12T17:08:00.288Z,396,6,false,-100,-2.2305349,-80.8630214
2026-08-12T17:08:02.803Z,397,2,false,-100,-2.2305605,-80.8630536
2026-08-12T17:08:02.846Z,397,1,false,-100,-2.2305605,-80.8630536
2026-08-12T17:08:04.351Z,397,6,false,-100,-2.2305706,-80.8630681
2026-08-12T17:08:04.386Z,397,3,false,-100,-2.2305706,-80.8630681
2026-08-12T17:08:06.828Z,398,2,false,-100,-2.2305741,-80.863075
2026-08-12T17:08:06.888Z,398,1,false,-100,-2.2305741,-80.863075
2026-08-12T17:08:08.398Z,398,3,false,-100,-2.2305715,-80.863077
2026-08-12T17:08:08.442Z,398,6,false,-100,-2.2305715,-80.863077
2026-08-12T17:08:10.835Z,399,2,false,-100,-2.23057,-80.8630775
2026-08-12T17:08:10.871Z,399,1,false,-100,-2.23057,-80.8630775
2026-08-12T17:08:12.406Z,399,6,false,-100,-2.2305741,-80.8630798
2026-08-12T17:08:12.450Z,399,3,false,-100,-2.2305741,-80.8630798
2026-08-12T17:08:14.831Z,400,1,false,-100,-2.2305758,-80.8630808
2026-08-12T17:08:14.870Z,400,2,false,-100,-2.2305758,-80.8630808
2026-08-12T17:08:16.361Z,400,6,false,-100,-2.2305757,-80.8630825
2026-08-12T17:08:16.406Z,400,3,false,-100,-2.2305757,-80.8630825
2026-08-12T17:08:18.833Z,401,1,false,-100,-2.2305758,-80.8630829
2026-08-12T17:08:18.866Z,401,2,false,-100,-2.2305758,-80.8630829
2026-08-12T17:08:20.349Z,401,6,false,-100,-2.230575,-80.8630858
2026-08-12T17:08:20.385Z,401,3,false,-100,-2.230575,-80.8630858
2026-08-12T17:08:22.790Z,402,1,false,-100,-2.2305737,-80.8630879
2026-08-12T17:08:22.828Z,402,2,false,-100,-2.2305737,-80.8630879
2026-08-12T17:08:24.344Z,402,6,false,-100,-2.2305736,-80.8630886
2026-08-12T17:08:24.375Z,402,3,false,-100,-2.2305736,-80.8630886
2026-08-12T17:08:26.206Z,403,1,false,-100,-2.2305729,-80.8630894
2026-08-12T17:08:26.706Z,403,2,false,-100,-2.2305729,-80.8630895
2026-08-12T17:08:28.377Z,403,3,false,-100,-2.2305724,-80.8630897
2026-08-12T17:08:28.410Z,403,6,false,-100,-2.2305724,-80.8630897
2026-08-12T17:08:30.817Z,404,1,false,-100,-2.2305721,-80.8630893
2026-08-12T17:08:30.864Z,404,2,false,-100,-2.2305721,-80.8630893
2026-08-12T17:08:32.354Z,404,3,false,-100,-2.2305719,-80.8630892
2026-08-12T17:08:32.395Z,404,6,false,-100,-2.2305719,-80.8630892
2026-08-12T17:08:34.791Z,405,2,false,-100,-2.2305713,-80.8630903
2026-08-12T17:08:34.806Z,405,1,false,-100,-2.2305713,-80.8630903
2026-08-12T17:08:36.353Z,405,3,false,-100,-2.2305704,-80.8630911
2026-08-12T17:08:36.386Z,405,6,false,-100,-2.2305704,-80.8630911
2026-08-12T17:08:38.814Z,406,1,false,-100,-2.2305701,-80.8630906
2026-08-12T17:08:38.827Z,406,2,false,-100,-2.2305701,-80.8630906
2026-08-12T17:08:40.391Z,406,6,false,-100,-2.23057,-80.8630906
2026-08-12T17:08:40.403Z,406,3,false,-100,-2.23057,-80.8630906
2026-08-12T17:08:42.877Z,407,1,false,-100,-2.2305697,-80.8630907
2026-08-12T17:08:42.910Z,407,2,false,-100,-2.2305697,-80.8630907
2026-08-12T17:08:44.473Z,407,3,false,-100,-2.2305696,-80.8630907
2026-08-12T17:08:44.506Z,407,6,false,-100,-2.2305696,-80.8630907
2026-08-12T17:08:46.820Z,408,1,false,-100,-2.2305694,-80.8630906
2026-08-12T17:08:46.842Z,408,2,false,-100,-2.2305694,-80.8630906
2026-08-12T17:08:48.423Z,408,6,false,-100,-2.2305691,-80.8630903
2026-08-12T17:08:48.436Z,408,3,false,-100,-2.2305691,-80.8630903
2026-08-12T17:08:50.791Z,409,2,false,-100,-2.2305685,-80.8630904
2026-08-12T17:08:50.806Z,409,1,false,-100,-2.2305685,-80.8630904
2026-08-12T17:08:52.331Z,409,3,false,-100,-2.2305683,-80.8630905
2026-08-12T17:08:52.365Z,409,6,false,-100,-2.2305683,-80.8630905
2026-08-12T17:08:54.479Z,410,2,false,-100,-2.2305682,-80.8630904
2026-08-12T17:08:54.498Z,410,1,false,-100,-2.2305682,-80.8630904
2026-08-12T17:08:55.296Z,410,3,false,-100,-2.2305682,-80.8630904
2026-08-12T17:08:56.211Z,410,6,false,-100,-2.2305682,-80.8630904
2026-08-12T17:08:58.843Z,411,1,false,-100,-2.2305688,-80.8630904
2026-08-12T17:08:58.858Z,411,2,false,-100,-2.2305688,-80.8630904
2026-08-12T17:09:00.375Z,411,3,false,-100,-2.2305692,-80.86309
2026-08-12T17:09:00.405Z,411,6,false,-100,-2.2305692,-80.86309
2026-08-12T17:09:02.811Z,412,1,false,-100,-2.2305712,-80.8630901
2026-08-12T17:09:02.817Z,412,2,false,-100,-2.2305712,-80.8630901
2026-08-12T17:09:04.328Z,412,6,false,-100,-2.2305726,-80.8630904
2026-08-12T17:09:04.338Z,412,3,false,-100,-2.2305726,-80.8630904
2026-08-12T17:09:06.803Z,413,1,false,-100,-2.2305741,-80.8630904
2026-08-12T17:09:06.810Z,413,2,false,-100,-2.2305741,-80.8630904
2026-08-12T17:09:08.401Z,413,3,false,-100,-2.2305741,-80.8630905
2026-08-12T17:09:08.444Z,413,6,false,-100,-2.2305741,-80.8630905
2026-08-12T17:09:10.811Z,414,1,false,-100,-2.2305743,-80.8630902
2026-08-12T17:09:10.848Z,414,2,false,-100,-2.2305743,-80.8630902
2026-08-12T17:09:11.780Z,414,3,false,-100,-2.2305744,-80.8630904
2026-08-12T17:09:13.167Z,414,6,false,-100,-2.230575,-80.86309
2026-08-12T17:09:13.973Z,415,1,false,-100,-2.2305753,-80.8630903
2026-08-12T17:09:14.565Z,415,2,false,-100,-2.2305755,-80.8630906
2026-08-12T17:09:16.381Z,415,3,false,-100,-2.2305857,-80.8630851
2026-08-12T17:09:16.422Z,415,6,false,-100,-2.2305857,-80.8630851
2026-08-12T17:09:18.824Z,416,2,false,-100,-2.2305883,-80.863084
2026-08-12T17:09:18.833Z,416,1,false,-100,-2.2305883,-80.863084
2026-08-12T17:09:20.357Z,416,6,false,-100,-2.2305861,-80.8630804
2026-08-12T17:09:20.371Z,416,3,false,-100,-2.2305861,-80.8630804
2026-08-12T17:09:22.799Z,417,2,false,-100,-2.2305852,-80.8630805
2026-08-12T17:09:22.809Z,417,1,false,-100,-2.2305852,-80.8630805
2026-08-12T17:09:24.051Z,417,6,false,-100,-2.2305855,-80.8630806
2026-08-12T17:09:24.057Z,417,3,false,-100,-2.2305855,-80.8630806
2026-08-12T17:09:26.283Z,418,1,false,-100,-2.2305861,-80.8630803
2026-08-12T17:09:27.577Z,418,3,false,-100,-2.2305861,-80.86308
2026-08-12T17:09:27.608Z,418,2,false,-100,-2.2305861,-80.86308
2026-08-12T17:09:29.171Z,418,6,false,-100,-2.2305855,-80.8630804
2026-08-12T17:09:30.841Z,419,1,false,-100,-2.2305848,-80.8630804
2026-08-12T17:09:30.850Z,419,2,false,-100,-2.2305848,-80.8630804
2026-08-12T17:09:31.904Z,419,3,false,-100,-2.2305848,-80.8630799
2026-08-12T17:09:32.813Z,419,6,false,-100,-2.2305849,-80.8630802
2026-08-12T17:09:33.848Z,420,1,false,-100,-2.2305848,-80.8630802
2026-08-12T17:09:35.748Z,420,2,false,-100,-2.230585,-80.8630801
2026-08-12T17:09:35.754Z,420,3,false,-100,-2.230585,-80.8630801
2026-08-12T17:09:37.169Z,420,6,false,-100,-2.230585,-80.8630807
2026-08-12T17:09:38.768Z,421,2,false,-100,-2.230586,-80.8630814
2026-08-12T17:09:38.775Z,421,1,false,-100,-2.230586,-80.8630814
2026-08-12T17:09:40.368Z,421,3,false,-100,-2.2305871,-80.8630806
2026-08-12T17:09:40.404Z,421,6,false,-100,-2.2305871,-80.8630806
2026-08-12T17:09:42.764Z,422,1,false,-100,-2.2305876,-80.863081
2026-08-12T17:09:42.774Z,422,2,false,-100,-2.2305876,-80.863081
2026-08-12T17:09:44.056Z,422,3,false,-100,-2.2305878,-80.8630811
2026-08-12T17:09:44.070Z,422,6,false,-100,-2.2305878,-80.8630811
2026-08-12T17:09:46.201Z,423,1,false,-100,-2.2305875,-80.8630809
2026-08-12T17:09:47.633Z,423,3,false,-100,-2.2305874,-80.8630808
2026-08-12T17:09:47.666Z,423,2,false,-100,-2.2305874,-80.8630808
2026-08-12T17:09:49.163Z,423,6,false,-100,-2.2305878,-80.8630816
2026-08-12T17:09:50.800Z,424,1,false,-100,-2.2305887,-80.8630818
2026-08-12T17:09:50.813Z,424,2,false,-100,-2.2305887,-80.8630818
2026-08-12T17:09:52.408Z,424,3,false,-100,-2.2305896,-80.8630817
2026-08-12T17:09:52.445Z,424,6,false,-100,-2.2305896,-80.8630817
2026-08-12T17:09:54.831Z,425,1,false,-100,-2.2305904,-80.8630821
2026-08-12T17:09:54.848Z,425,2,false,-100,-2.2305904,-80.8630821
2026-08-12T17:09:56.400Z,425,6,false,-100,-2.2305905,-80.8630823
2026-08-12T17:09:56.410Z,425,3,false,-100,-2.2305905,-80.8630823
2026-08-12T17:09:58.839Z,426,2,false,-100,-2.2305907,-80.8630821
2026-08-12T17:09:58.854Z,426,1,false,-100,-2.2305907,-80.8630821
2026-08-12T17:10:00.450Z,426,6,false,-100,-2.2305909,-80.863082
2026-08-12T17:10:00.459Z,426,3,false,-100,-2.2305909,-80.863082
2026-08-12T17:10:03.247Z,427,2,false,-100,-2.2305912,-80.8630818
2026-08-12T17:10:03.256Z,427,1,false,-100,-2.2305912,-80.8630818
2026-08-12T17:10:05.004Z,427,6,false,-100,-2.230591,-80.863083
2026-08-12T17:10:05.011Z,427,3,false,-100,-2.230591,-80.863083
2026-08-12T17:10:07.232Z,428,1,false,-100,-2.230593,-80.8630805
2026-08-12T17:10:07.237Z,428,2,false,-100,-2.230593,-80.8630805
2026-08-12T17:10:08.248Z,428,6,false,-100,-2.2305927,-80.8630805
2026-08-12T17:10:08.260Z,428,3,false,-100,-2.2305927,-80.8630805
2026-08-12T17:10:10.857Z,429,2,false,-100,-2.2305928,-80.8630805
2026-08-12T17:10:10.864Z,429,1,false,-100,-2.2305928,-80.8630805
2026-08-12T17:10:12.382Z,429,6,false,-100,-2.2305927,-80.8630804
2026-08-12T17:10:12.393Z,429,3,false,-100,-2.2305927,-80.8630804
2026-08-12T17:10:14.812Z,430,2,false,-100,-2.2305925,-80.8630806
2026-08-12T17:10:14.818Z,430,1,false,-100,-2.2305925,-80.8630806
2026-08-12T17:10:16.386Z,430,3,false,-100,-2.2305942,-80.863078
2026-08-12T17:10:16.425Z,430,6,false,-100,-2.2305942,-80.863078
2026-08-12T17:10:19.243Z,431,2,false,-100,-2.2305943,-80.8630771
2026-08-12T17:10:19.251Z,431,1,false,-100,-2.2305943,-80.8630771
2026-08-12T17:10:20.905Z,431,6,false,-100,-2.2305938,-80.8630778
2026-08-12T17:10:20.923Z,431,3,false,-100,-2.2305938,-80.8630778
2026-08-12T17:10:22.789Z,432,2,false,-100,-2.2305958,-80.8630747
2026-08-12T17:10:22.801Z,432,1,false,-100,-2.2305958,-80.8630747
2026-08-12T17:10:24.405Z,432,6,false,-100,-2.2305958,-80.8630748
2026-08-12T17:10:24.413Z,432,3,false,-100,-2.2305958,-80.8630748
2026-08-12T17:10:26.832Z,433,1,false,-100,-2.2305953,-80.8630747
2026-08-12T17:10:26.848Z,433,2,false,-100,-2.2305953,-80.8630747
2026-08-12T17:10:28.400Z,433,3,false,-100,-2.2305952,-80.8630751
2026-08-12T17:10:28.442Z,433,6,false,-100,-2.2305952,-80.8630751
2026-08-12T17:10:30.825Z,434,2,false,-100,-2.2305947,-80.8630767
2026-08-12T17:10:30.833Z,434,1,false,-100,-2.2305947,-80.8630767
2026-08-12T17:10:32.400Z,434,6,false,-100,-2.230595,-80.8630749
2026-08-12T17:10:32.407Z,434,3,false,-100,-2.230595,-80.8630749
2026-08-12T17:10:34.852Z,435,2,false,-100,-2.2305945,-80.8630752
2026-08-12T17:10:34.860Z,435,1,false,-100,-2.2305945,-80.8630752
2026-08-12T17:10:36.386Z,435,6,false,-100,-2.2305945,-80.8630756
2026-08-12T17:10:36.402Z,435,3,false,-100,-2.2305945,-80.8630756
2026-08-12T17:10:38.839Z,436,2,false,-100,-2.2305942,-80.8630756
2026-08-12T17:10:38.858Z,436,1,false,-100,-2.2305942,-80.8630756
2026-08-12T17:10:40.394Z,436,6,false,-100,-2.2305942,-80.8630761
2026-08-12T17:10:40.403Z,436,3,false,-100,-2.2305942,-80.8630761
2026-08-12T17:10:42.838Z,437,1,false,-100,-2.2305943,-80.8630762
2026-08-12T17:10:42.856Z,437,2,false,-100,-2.2305943,-80.8630762
2026-08-12T17:10:44.408Z,437,3,false,-100,-2.230594,-80.8630777
2026-08-12T17:10:44.439Z,437,6,false,-100,-2.230594,-80.8630777
2026-08-12T17:10:46.817Z,438,1,false,-100,-2.2305935,-80.8630776
2026-08-12T17:10:46.825Z,438,2,false,-100,-2.2305935,-80.8630776
2026-08-12T17:10:48.365Z,438,3,false,-100,-2.2305933,-80.8630781
2026-08-12T17:10:48.427Z,438,6,false,-100,-2.2305933,-80.8630781
2026-08-12T17:10:50.810Z,439,1,false,-100,-2.2305927,-80.8630784
2026-08-12T17:10:50.819Z,439,2,false,-100,-2.2305927,-80.8630784
2026-08-12T17:10:52.387Z,439,3,false,-100,-2.2305921,-80.863079
2026-08-12T17:10:52.424Z,439,6,false,-100,-2.2305921,-80.863079
2026-08-12T17:10:54.813Z,440,2,false,-100,-2.230592,-80.8630791
2026-08-12T17:10:54.828Z,440,1,false,-100,-2.230592,-80.8630791
2026-08-12T17:10:56.364Z,440,6,false,-100,-2.2305917,-80.8630794
2026-08-12T17:10:56.372Z,440,3,false,-100,-2.2305917,-80.8630794
2026-08-12T17:10:58.830Z,441,2,false,-100,-2.2305917,-80.8630792
2026-08-12T17:10:58.837Z,441,1,false,-100,-2.2305917,-80.8630792
2026-08-12T17:11:00.380Z,441,3,false,-100,-2.2305916,-80.8630786
2026-08-12T17:11:00.421Z,441,6,false,-100,-2.2305916,-80.8630786
2026-08-12T17:11:02.801Z,442,2,false,-100,-2.2305915,-80.8630787
2026-08-12T17:11:02.808Z,442,1,false,-100,-2.2305915,-80.8630787
2026-08-12T17:11:04.391Z,442,3,false,-100,-2.2305914,-80.8630789
2026-08-12T17:11:04.432Z,442,6,false,-100,-2.2305914,-80.8630789
2026-08-12T17:11:06.813Z,443,1,false,-100,-2.2305912,-80.8630793
2026-08-12T17:11:06.829Z,443,2,false,-100,-2.2305912,-80.8630793
2026-08-12T17:11:08.411Z,443,6,false,-100,-2.2305915,-80.8630796
2026-08-12T17:11:08.419Z,443,3,false,-100,-2.2305915,-80.8630796
2026-08-12T17:11:10.823Z,444,2,false,-100,-2.2305913,-80.8630801
2026-08-12T17:11:10.842Z,444,1,false,-100,-2.2305913,-80.8630801
2026-08-12T17:11:12.405Z,444,6,false,-100,-2.2305912,-80.8630801
2026-08-12T17:11:12.417Z,444,3,false,-100,-2.2305912,-80.8630801
2026-08-12T17:11:14.839Z,445,2,false,-100,-2.2305917,-80.8630801
2026-08-12T17:11:14.853Z,445,1,false,-100,-2.2305917,-80.8630801
2026-08-12T17:11:16.416Z,445,3,false,-100,-2.2305916,-80.8630803
2026-08-12T17:11:16.458Z,445,6,false,-100,-2.2305916,-80.8630803
2026-08-12T17:11:18.860Z,446,2,false,-100,-2.2305919,-80.8630804
2026-08-12T17:11:18.871Z,446,1,false,-100,-2.2305919,-80.8630804
2026-08-12T17:11:20.371Z,446,6,false,-100,-2.2305929,-80.8630793
2026-08-12T17:11:20.383Z,446,3,false,-100,-2.2305929,-80.8630793
2026-08-12T17:11:22.850Z,447,2,false,-100,-2.2305928,-80.8630794
2026-08-12T17:11:22.859Z,447,1,false,-100,-2.2305928,-80.8630794
2026-08-12T17:11:24.381Z,447,6,false,-100,-2.230593,-80.8630793
2026-08-12T17:11:24.397Z,447,3,false,-100,-2.230593,-80.8630793
2026-08-12T17:11:27.233Z,448,1,false,-100,-2.2305931,-80.8630793
2026-08-12T17:11:27.245Z,448,2,false,-100,-2.2305931,-80.8630793
2026-08-12T17:11:28.741Z,448,3,false,-100,-2.2305931,-80.8630794
2026-08-12T17:11:28.803Z,448,6,false,-100,-2.2305931,-80.8630794
2026-08-12T17:11:29.828Z,449,1,false,-100,-2.2305931,-80.8630794
2026-08-12T17:11:32.224Z,449,3,false,-100,-2.2305931,-80.8630795
2026-08-12T17:11:32.261Z,449,2,false,-100,-2.2305931,-80.8630795
2026-08-12T17:11:32.264Z,449,6,false,-100,-2.2305931,-80.8630795
2026-08-12T17:11:35.270Z,450,2,false,-100,-2.230593,-80.8630797
2026-08-12T17:11:35.276Z,450,1,false,-100,-2.230593,-80.8630797
2026-08-12T17:11:36.254Z,450,3,false,-100,-2.2305936,-80.8630774
2026-08-12T17:11:36.303Z,450,6,false,-100,-2.2305936,-80.8630774
2026-08-12T17:11:38.829Z,451,2,false,-100,-2.2305937,-80.8630777
2026-08-12T17:11:38.846Z,451,1,false,-100,-2.2305937,-80.8630777
2026-08-12T17:11:40.412Z,451,3,false,-100,-2.2305939,-80.8630781
2026-08-12T17:11:40.452Z,451,6,false,-100,-2.2305939,-80.8630781
2026-08-12T17:11:42.835Z,452,2,false,-100,-2.2305936,-80.8630781
2026-08-12T17:11:42.842Z,452,1,false,-100,-2.2305936,-80.8630781
2026-08-12T17:11:44.449Z,452,6,false,-100,-2.2305936,-80.8630783
2026-08-12T17:11:44.461Z,452,3,false,-100,-2.2305936,-80.8630783
2026-08-12T17:11:46.933Z,453,1,false,-100,-2.2305935,-80.8630786
2026-08-12T17:11:46.942Z,453,2,false,-100,-2.2305935,-80.8630786
2026-08-12T17:11:48.402Z,453,3,false,-100,-2.2305933,-80.863079
2026-08-12T17:11:48.440Z,453,6,false,-100,-2.2305933,-80.863079
2026-08-12T17:11:51.254Z,454,2,false,-100,-2.2305932,-80.8630792
2026-08-12T17:11:51.262Z,454,1,false,-100,-2.2305932,-80.8630792
2026-08-12T17:11:53.234Z,454,6,false,-100,-2.2305948,-80.8630774
2026-08-12T17:11:53.258Z,454,3,false,-100,-2.2305948,-80.8630774
2026-08-12T17:11:54.837Z,455,2,false,-100,-2.2305946,-80.8630776
2026-08-12T17:11:54.845Z,455,1,false,-100,-2.2305946,-80.8630776
2026-08-12T17:11:56.379Z,455,3,false,-100,-2.2305944,-80.8630775
2026-08-12T17:11:56.423Z,455,6,false,-100,-2.2305944,-80.8630775
2026-08-12T17:11:58.845Z,456,1,false,-100,-2.2305947,-80.8630776
2026-08-12T17:11:58.864Z,456,2,false,-100,-2.2305947,-80.8630776
2026-08-12T17:12:01.242Z,456,3,false,-100,-2.2305947,-80.8630777
2026-08-12T17:12:01.283Z,456,6,false,-100,-2.2305947,-80.8630777
2026-08-12T17:12:02.349Z,457,1,false,-100,-2.2305946,-80.8630778
2026-08-12T17:12:04.241Z,457,6,false,-100,-2.2305947,-80.8630774
2026-08-12T17:12:04.250Z,457,3,false,-100,-2.2305947,-80.8630774
2026-08-12T17:12:04.284Z,457,2,false,-100,-2.2305947,-80.8630774
2026-08-12T17:12:07.251Z,458,1,false,-100,-2.230595,-80.8630774
2026-08-12T17:12:07.269Z,458,2,false,-100,-2.230595,-80.8630774
2026-08-12T17:12:09.172Z,458,6,false,-100,-2.2305949,-80.8630779
2026-08-12T17:12:09.183Z,458,3,false,-100,-2.2305949,-80.8630779
2026-08-12T17:12:10.266Z,459,1,false,-100,-2.2305946,-80.8630776
2026-08-12T17:12:10.703Z,459,2,false,-100,-2.2305946,-80.8630775
2026-08-12T17:12:12.338Z,459,6,false,-100,-2.2305947,-80.8630766
2026-08-12T17:12:12.346Z,459,3,false,-100,-2.2305947,-80.8630766
2026-08-12T17:12:13.730Z,460,1,false,-100,-2.2305942,-80.8630773
2026-08-12T17:12:14.998Z,460,2,false,-100,-2.2305946,-80.8630775
2026-08-12T17:12:15.414Z,460,3,false,-100,-2.2305946,-80.8630778
2026-08-12T17:12:17.158Z,460,6,false,-100,-2.2305941,-80.8630771
2026-08-12T17:12:17.731Z,461,1,false,-100,-2.2305933,-80.8630783
2026-08-12T17:12:18.627Z,461,2,false,-100,-2.2305928,-80.8630787
2026-08-12T17:12:20.077Z,461,3,false,-100,-2.2305925,-80.8630781
2026-08-12T17:12:20.090Z,461,6,false,-100,-2.2305925,-80.8630781
2026-08-12T17:12:22.156Z,462,1,false,-100,-2.2305926,-80.8630771
2026-08-12T17:12:22.707Z,462,2,false,-100,-2.2305928,-80.8630775
2026-08-12T17:12:24.433Z,462,6,false,-100,-2.2305932,-80.8630767
2026-08-12T17:12:24.443Z,462,3,false,-100,-2.2305932,-80.8630767
2026-08-12T17:12:26.833Z,463,2,false,-100,-2.2305909,-80.8630791
2026-08-12T17:12:26.842Z,463,1,false,-100,-2.2305909,-80.8630791
2026-08-12T17:12:28.416Z,463,6,false,-100,-2.2305918,-80.8630789
2026-08-12T17:12:28.426Z,463,3,false,-100,-2.2305918,-80.8630789
2026-08-12T17:12:30.870Z,464,2,false,-100,-2.230592,-80.8630785
2026-08-12T17:12:30.887Z,464,1,false,-100,-2.230592,-80.8630785
2026-08-12T17:12:32.393Z,464,3,false,-100,-2.2305921,-80.8630788
2026-08-12T17:12:32.426Z,464,6,false,-100,-2.2305921,-80.8630788
2026-08-12T17:12:34.832Z,465,2,false,-100,-2.2305924,-80.8630784
2026-08-12T17:12:34.855Z,465,1,false,-100,-2.2305924,-80.8630784
2026-08-12T17:12:36.390Z,465,6,false,-100,-2.2305925,-80.8630787
2026-08-12T17:12:36.406Z,465,3,false,-100,-2.2305925,-80.8630787
2026-08-12T17:12:38.306Z,466,1,false,-100,-2.2305926,-80.863078
2026-08-12T17:12:39.045Z,466,2,false,-100,-2.2305926,-80.8630781
2026-08-12T17:12:40.188Z,466,6,false,-100,-2.2305925,-80.8630781
2026-08-12T17:12:40.209Z,466,3,false,-100,-2.2305925,-80.8630781
2026-08-12T17:12:41.707Z,467,1,false,-100,-2.2305927,-80.8630783
2026-08-12T17:12:43.002Z,467,2,false,-100,-2.2305926,-80.8630781
2026-08-12T17:12:43.530Z,467,3,false,-100,-2.2305926,-80.8630783
2026-08-12T17:12:44.075Z,467,6,false,-100,-2.2305927,-80.8630782
2026-08-12T17:12:46.763Z,468,2,false,-100,-2.2305928,-80.8630759
2026-08-12T17:12:46.774Z,468,1,false,-100,-2.2305928,-80.8630759
2026-08-12T17:12:48.392Z,468,6,false,-100,-2.2305929,-80.8630758
2026-08-12T17:12:48.407Z,468,3,false,-100,-2.2305929,-80.8630758
2026-08-12T17:12:50.514Z,469,2,false,-100,-2.230593,-80.863075
2026-08-12T17:12:50.529Z,469,1,false,-100,-2.230593,-80.863075
2026-08-12T17:12:51.364Z,469,3,false,-100,-2.2305931,-80.8630755
2026-08-12T17:12:52.492Z,469,6,false,-100,-2.2305931,-80.8630747
2026-08-12T17:12:53.778Z,470,1,false,-100,-2.2305932,-80.8630738
2026-08-12T17:12:55.435Z,470,2,false,-100,-2.2305933,-80.8630724
2026-08-12T17:12:55.446Z,470,3,false,-100,-2.2305933,-80.8630724
2026-08-12T17:12:56.064Z,470,6,false,-100,-2.2305933,-80.8630728
2026-08-12T17:12:58.901Z,471,2,false,-100,-2.230593,-80.8630699
2026-08-12T17:12:58.910Z,471,1,false,-100,-2.230593,-80.8630699
2026-08-12T17:13:00.429Z,471,6,false,-100,-2.230584,-80.8630453
2026-08-12T17:13:00.450Z,471,3,false,-100,-2.230584,-80.8630453
2026-08-12T17:13:02.843Z,472,2,false,-100,-2.2305711,-80.8630295
2026-08-12T17:13:02.863Z,472,1,false,-100,-2.2305711,-80.8630295
2026-08-12T17:13:04.422Z,472,3,false,-100,-2.2305581,-80.863002
2026-08-12T17:13:04.462Z,472,6,false,-100,-2.2305581,-80.863002
2026-08-12T17:13:06.855Z,473,2,false,-100,-2.2305548,-80.8629962
2026-08-12T17:13:06.864Z,473,1,false,-100,-2.2305548,-80.8629962
2026-08-12T17:13:08.438Z,473,6,false,-100,-2.230551,-80.8629904
2026-08-12T17:13:08.446Z,473,3,false,-100,-2.230551,-80.8629904
2026-08-12T17:13:10.872Z,474,2,false,-100,-2.2305485,-80.8629851
2026-08-12T17:13:10.881Z,474,1,false,-100,-2.2305485,-80.8629851
2026-08-12T17:13:12.356Z,474,6,false,-100,-2.2305463,-80.8629812
2026-08-12T17:13:12.363Z,474,3,false,-100,-2.2305463,-80.8629812
2026-08-12T17:13:13.836Z,475,1,false,-100,-2.2305463,-80.8629803
2026-08-12T17:13:15.634Z,475,2,false,-100,-2.2305475,-80.8629686
2026-08-12T17:13:15.640Z,475,3,false,-100,-2.2305475,-80.8629686
2026-08-12T17:13:17.206Z,475,6,false,-100,-2.230549,-80.8629667
2026-08-12T17:13:18.830Z,476,2,false,-100,-2.2305511,-80.8629654
2026-08-12T17:13:18.836Z,476,1,false,-100,-2.2305511,-80.8629654
2026-08-12T17:13:20.388Z,476,3,false,-100,-2.2305576,-80.8629656
2026-08-12T17:13:20.404Z,476,6,false,-100,-2.2305576,-80.8629656
2026-08-12T17:13:22.804Z,477,2,false,-100,-2.2305578,-80.8629662
2026-08-12T17:13:22.809Z,477,1,false,-100,-2.2305578,-80.8629662
2026-08-12T17:13:23.369Z,477,3,false,-100,-2.2305575,-80.8629659
2026-08-12T17:13:24.965Z,477,6,false,-100,-2.2305572,-80.8629644
2026-08-12T17:13:26.113Z,478,1,false,-100,-2.2305572,-80.8629644
2026-08-12T17:13:26.482Z,478,2,false,-100,-2.2305572,-80.8629644
2026-08-12T17:13:27.224Z,478,3,false,-100,-2.2305572,-80.8629644
2026-08-12T17:13:27.964Z,478,6,false,-100,-2.2305572,-80.8629644
2026-08-12T17:13:29.650Z,479,1,false,-100,-2.2305572,-80.8629644
2026-08-12T17:13:30.411Z,479,2,false,-100,-2.2305572,-80.8629644
2026-08-12T17:13:31.248Z,479,3,false,-100,0,0
2026-08-12T17:13:31.995Z,479,6,false,-100,0,0
2026-08-12T17:13:33.662Z,480,1,false,-100,0,0
2026-08-12T17:13:34.424Z,480,2,false,-100,0,0
2026-08-12T17:13:35.237Z,480,3,false,-100,0,0
2026-08-12T17:13:35.997Z,480,6,false,-100,0,0
2026-08-12T17:13:40.225Z,481,1,false,-100,-2.2309586,-80.8628562
2026-08-12T17:13:40.260Z,481,3,false,-100,-2.2309586,-80.8628562
2026-08-12T17:13:40.262Z,481,6,false,-100,-2.2309586,-80.8628562
2026-08-12T17:13:40.264Z,481,2,false,-100,-2.2309586,-80.8628562
2026-08-12T17:13:42.807Z,482,2,false,-100,-2.2309766,-80.8628446
2026-08-12T17:13:42.811Z,482,1,false,-100,-2.2309766,-80.8628446
2026-08-12T17:13:44.334Z,482,6,false,-100,-2.2309512,-80.8627599
2026-08-12T17:13:44.339Z,482,3,false,-100,-2.2309512,-80.8627599
2026-08-12T17:13:46.506Z,483,1,false,-100,-2.2309532,-80.8627425
2026-08-12T17:13:46.538Z,483,2,false,-100,-2.2309532,-80.8627425
2026-08-12T17:13:47.767Z,483,3,false,-100,-2.23095,-80.8627382
2026-08-12T17:13:48.871Z,483,6,false,-100,-2.2309408,-80.8627418
2026-08-12T17:13:50.844Z,484,2,false,-100,-2.2309335,-80.8627598
2026-08-12T17:13:50.857Z,484,1,false,-100,-2.2309335,-80.8627598
2026-08-12T17:13:51.339Z,484,3,false,-100,-2.2309598,-80.8627298
2026-08-12T17:13:53.128Z,484,6,false,-100,-2.2309506,-80.8627402
2026-08-12T17:13:54.738Z,485,1,false,-100,-2.2309427,-80.8627501
2026-08-12T17:13:54.758Z,485,2,false,-100,-2.2309427,-80.8627501
2026-08-12T17:13:55.337Z,485,3,false,-100,-2.2309832,-80.8627078
2026-08-12T17:13:57.150Z,485,6,false,-100,-2.2310291,-80.8626571
2026-08-12T17:13:58.763Z,486,1,false,-100,-2.2310422,-80.8626313
2026-08-12T17:13:58.771Z,486,2,false,-100,-2.2310422,-80.8626313
2026-08-12T17:14:00.217Z,486,3,false,-100,-2.2310493,-80.8626079
2026-08-12T17:14:00.231Z,486,6,false,-100,-2.2310493,-80.8626079
2026-08-12T17:14:02.217Z,487,1,false,-100,-2.2310624,-80.8625772
2026-08-12T17:14:03.197Z,487,2,false,-100,-2.231075,-80.8625616
2026-08-12T17:14:04.117Z,487,6,false,-100,-2.2310873,-80.8625501
2026-08-12T17:14:04.132Z,487,3,false,-100,-2.2310873,-80.8625501
2026-08-12T17:14:06.760Z,488,2,false,-100,-2.231107,-80.8625328
2026-08-12T17:14:06.805Z,488,1,false,-100,-2.231107,-80.8625328
2026-08-12T17:14:07.384Z,488,3,false,-100,-2.2311106,-80.8625369
2026-08-12T17:14:09.172Z,488,6,false,-100,-2.2310657,-80.8625062
2026-08-12T17:14:09.958Z,489,1,false,-100,-2.2310608,-80.8625026
2026-08-12T17:14:10.555Z,489,2,false,-100,-2.231059,-80.8625024
2026-08-12T17:14:12.188Z,489,6,false,-100,-2.2310576,-80.8625068
2026-08-12T17:14:12.194Z,489,3,false,-100,-2.2310576,-80.8625068
2026-08-12T17:14:14.892Z,490,2,false,-100,-2.2310405,-80.8624418
2026-08-12T17:14:14.943Z,490,1,false,-100,-2.2310405,-80.8624418
2026-08-12T17:14:15.768Z,490,3,false,-100,-2.231039,-80.8624317
2026-08-12T17:14:16.953Z,490,6,false,-100,-2.231039,-80.8624339
2026-08-12T17:14:17.883Z,491,1,false,-100,-2.2310435,-80.8624145
2026-08-12T17:14:18.497Z,491,2,false,-100,-2.2310445,-80.862415
2026-08-12T17:14:20.012Z,491,3,false,-100,-2.2310459,-80.8624101
2026-08-12T17:14:20.340Z,491,6,false,-100,-2.2310447,-80.8624077
2026-08-12T17:14:21.842Z,492,1,false,-100,-2.2310435,-80.8623979
2026-08-12T17:14:23.601Z,492,2,false,-100,-2.2310309,-80.8623743
2026-08-12T17:14:23.631Z,492,3,false,-100,-2.2310309,-80.8623743
2026-08-12T17:14:25.149Z,492,6,false,-100,-2.2310316,-80.8623525
2026-08-12T17:14:26.796Z,493,2,false,-100,-2.2310327,-80.8623277
2026-08-12T17:14:26.831Z,493,1,false,-100,-2.2310327,-80.8623277
2026-08-12T17:14:28.342Z,493,3,false,-100,-2.2310331,-80.8623216
2026-08-12T17:14:28.349Z,493,6,false,-100,-2.2310331,-80.8623216
2026-08-12T17:14:29.847Z,494,1,false,-100,-2.2310341,-80.8623199
2026-08-12T17:14:31.614Z,494,3,false,-100,-2.2310459,-80.8623057
2026-08-12T17:14:31.629Z,494,2,false,-100,-2.2310459,-80.8623057
2026-08-12T17:14:33.181Z,494,6,false,-100,-2.2310615,-80.8623066
2026-08-12T17:14:34.785Z,495,1,false,-100,-2.2310767,-80.8623073
2026-08-12T17:14:34.791Z,495,2,false,-100,-2.2310767,-80.8623073
2026-08-12T17:14:36.359Z,495,6,false,-100,-2.231099,-80.8623119
2026-08-12T17:14:36.365Z,495,3,false,-100,-2.231099,-80.8623119
2026-08-12T17:14:37.764Z,496,1,false,-100,-2.2311071,-80.862314
2026-08-12T17:14:39.070Z,496,2,false,-100,-2.2311065,-80.862308
2026-08-12T17:14:40.085Z,496,6,false,-100,-2.2311047,-80.8623054
2026-08-12T17:14:40.090Z,496,3,false,-100,-2.2311047,-80.8623054
2026-08-12T17:14:41.760Z,497,1,false,-100,-2.2311032,-80.8623025
2026-08-12T17:14:43.564Z,497,3,false,-100,-2.2311129,-80.8622926
2026-08-12T17:14:43.574Z,497,2,false,-100,-2.2311129,-80.8622926
2026-08-12T17:14:45.129Z,497,6,false,-100,-2.2311653,-80.8623621
2026-08-12T17:14:45.802Z,498,1,false,-100,-2.2311773,-80.8623824
2026-08-12T17:14:46.592Z,498,2,false,-100,-2.231183,-80.8623909
2026-08-12T17:14:47.851Z,498,3,false,-100,-2.2311864,-80.8623945
2026-08-12T17:14:49.171Z,498,6,false,-100,-2.2311882,-80.8623962
2026-08-12T17:14:50.842Z,499,1,false,-100,-2.2311902,-80.8624032
2026-08-12T17:14:50.850Z,499,2,false,-100,-2.2311902,-80.8624032
2026-08-12T17:14:52.397Z,499,6,false,-100,-2.2311914,-80.8624071
2026-08-12T17:14:52.399Z,499,3,false,-100,-2.2311914,-80.8624071
2026-08-12T17:14:54.854Z,500,2,false,-100,-2.2311923,-80.8624004
2026-08-12T17:14:54.890Z,500,1,false,-100,-2.2311923,-80.8624004
2026-08-12T17:14:56.352Z,500,6,false,-100,-2.2311927,-80.862399
2026-08-12T17:14:56.361Z,500,3,false,-100,-2.2311927,-80.862399
2026-08-12T17:14:57.821Z,501,1,false,-100,-2.2311928,-80.8623986
2026-08-12T17:14:59.158Z,501,2,false,-100,-2.2311927,-80.862398
2026-08-12T17:15:00.399Z,501,3,false,-100,-2.2311889,-80.8623885
2026-08-12T17:15:00.410Z,501,6,false,-100,-2.2311889,-80.8623885
2026-08-12T17:15:02.842Z,502,1,false,-100,-2.2311868,-80.8623801
2026-08-12T17:15:02.861Z,502,2,false,-100,-2.2311868,-80.8623801
2026-08-12T17:15:04.382Z,502,6,false,-100,-2.2311853,-80.862375
2026-08-12T17:15:04.389Z,502,3,false,-100,-2.2311853,-80.862375
2026-08-12T17:15:06.812Z,503,1,false,-100,-2.2311849,-80.8623733
2026-08-12T17:15:06.839Z,503,2,false,-100,-2.2311849,-80.8623733
2026-08-12T17:15:08.386Z,503,6,false,-100,-2.2311849,-80.8623699
2026-08-12T17:15:08.396Z,503,3,false,-100,-2.2311849,-80.8623699
2026-08-12T17:15:20.232Z,1,2,true,-40,-2.2311835,-80.8623636
2026-08-12T17:15:20.267Z,1,1,false,-100,-2.2311835,-80.8623636
2026-08-12T17:15:20.269Z,1,3,true,-40,-2.2311835,-80.8623636
2026-08-12T17:15:21.464Z,1,6,true,-40,-2.2311822,-80.8623631
2026-08-12T17:15:24.076Z,2,2,true,-45,-2.2311751,-80.8623512
2026-08-12T17:15:24.109Z,2,3,true,-40,-2.2311751,-80.8623512
2026-08-12T17:15:24.123Z,2,1,false,-100,-2.2311751,-80.8623512
2026-08-12T17:15:24.850Z,2,6,true,-40,-2.2311746,-80.8623504
2026-08-12T17:15:28.067Z,3,2,true,-81,-2.2311633,-80.8623316
2026-08-12T17:15:28.117Z,3,1,false,-100,-2.2311633,-80.8623316
2026-08-12T17:15:29.318Z,3,6,true,-40,-2.2311631,-80.8623349
2026-08-12T17:15:29.323Z,3,3,true,-40,-2.2311631,-80.8623349
2026-08-12T17:15:32.108Z,4,2,false,-88,-2.2311624,-80.8623365
2026-08-12T17:15:32.149Z,4,1,false,-100,-2.2311624,-80.8623365
2026-08-12T17:15:33.331Z,4,3,true,-45,-2.2311608,-80.8623388
2026-08-12T17:15:33.347Z,4,6,true,-40,-2.2311608,-80.8623388
2026-08-12T17:15:35.772Z,5,1,false,-100,-2.2311608,-80.8623378
2026-08-12T17:15:35.777Z,5,2,false,-97,-2.2311608,-80.8623378
2026-08-12T17:15:36.281Z,5,3,true,-40,-2.231161,-80.8623379
2026-08-12T17:15:37.798Z,5,6,true,-40,-2.2311606,-80.8623391
2026-08-12T17:15:39.110Z,6,1,false,-100,-2.2311608,-80.8623383
2026-08-12T17:15:40.847Z,6,6,true,-40,-2.2311356,-80.8623779
2026-08-12T17:15:40.855Z,6,2,false,-97,-2.2311356,-80.8623779
2026-08-12T17:15:40.889Z,6,3,true,-40,-2.2311356,-80.8623779
2026-08-12T17:15:44.125Z,7,1,false,-100,-2.2310988,-80.8624559
2026-08-12T17:15:44.127Z,7,2,false,-97,-2.2310988,-80.8624559
2026-08-12T17:15:45.308Z,7,3,true,-40,-2.2310761,-80.8625254
2026-08-12T17:15:45.325Z,7,6,true,-40,-2.2310761,-80.8625254
2026-08-12T17:15:47.146Z,8,1,false,-100,-2.2310698,-80.8625451
2026-08-12T17:15:48.875Z,8,3,true,-69,-2.2310532,-80.8625855
2026-08-12T17:15:48.890Z,8,2,false,-100,-2.2310532,-80.8625855
2026-08-12T17:15:49.231Z,8,6,true,-40,-2.2310461,-80.8626019
2026-08-12T17:15:52.150Z,9,1,false,-100,-2.2310276,-80.8626436
2026-08-12T17:15:52.160Z,9,2,false,-100,-2.2310276,-80.8626436
2026-08-12T17:15:53.641Z,9,6,true,-40,-2.2310485,-80.8626892
2026-08-12T17:15:53.648Z,9,3,false,-93,-2.2310485,-80.8626892
2026-08-12T17:15:55.005Z,10,1,false,-100,-2.2310527,-80.862701
2026-08-12T17:15:56.214Z,10,2,false,-100,-2.231055,-80.8626961
2026-08-12T17:15:57.583Z,10,3,false,-97,-2.2310563,-80.8626929
2026-08-12T17:15:57.596Z,10,6,true,-40,-2.2310563,-80.8626929
2026-08-12T17:16:00.176Z,11,2,false,-100,-2.2310501,-80.8627222
2026-08-12T17:16:00.210Z,11,1,false,-100,-2.2310501,-80.8627222
2026-08-12T17:16:00.732Z,11,3,false,-100,-2.2310436,-80.8627391
2026-08-12T17:16:02.162Z,11,6,true,-40,-2.2310338,-80.8627478
2026-08-12T17:16:02.999Z,12,1,false,-100,-2.231031,-80.8627515
2026-08-12T17:16:13.190Z,1,2,false,-100,-2.2309695,-80.8628256
2026-08-12T17:16:13.193Z,1,1,false,-100,-2.2309695,-80.8628256
2026-08-12T17:16:14.782Z,1,3,false,-97,-2.2309721,-80.8628273
2026-08-12T17:16:14.788Z,1,6,true,-40,-2.2309721,-80.8628273
2026-08-12T17:16:17.224Z,2,2,false,-100,-2.2309805,-80.8628322
2026-08-12T17:16:17.239Z,2,1,false,-100,-2.2309805,-80.8628322
2026-08-12T17:16:18.802Z,2,6,true,-45,-2.230981,-80.862836
2026-08-12T17:16:18.806Z,2,3,false,-100,-2.230981,-80.862836
2026-08-12T17:16:20.936Z,3,1,false,-100,-2.2309785,-80.8628356
2026-08-12T17:16:21.001Z,3,2,false,-100,-2.2309785,-80.8628356
2026-08-12T17:16:21.683Z,3,3,false,-93,-2.2309778,-80.8628353
2026-08-12T17:16:23.120Z,3,6,true,-40,-2.2309772,-80.8628344
2026-08-12T17:16:24.588Z,4,1,false,-100,-2.230977,-80.8628338
2026-08-12T17:16:25.468Z,4,2,false,-100,-2.230977,-80.8628337
2026-08-12T17:16:25.882Z,4,3,false,-100,-2.230977,-80.8628339
2026-08-12T17:16:27.261Z,4,6,true,-64,-2.2309771,-80.862833
2026-08-12T17:16:28.207Z,5,1,false,-100,-2.230977,-80.862833
2026-08-12T17:16:29.984Z,5,3,false,-100,-2.2309769,-80.8628322
2026-08-12T17:16:29.998Z,5,2,false,-100,-2.2309769,-80.8628322
2026-08-12T17:16:30.460Z,5,6,true,-73,-2.2309769,-80.8628325
2026-08-12T17:16:33.245Z,6,2,false,-100,-2.2309024,-80.8628099
2026-08-12T17:16:33.250Z,6,1,false,-100,-2.2309024,-80.8628099
2026-08-12T17:16:33.800Z,6,3,false,-100,-2.2308901,-80.862805
2026-08-12T17:16:35.435Z,6,6,true,-69,-2.2308837,-80.862799
2026-08-12T17:16:36.146Z,7,1,false,-100,-2.2308554,-80.8627982
2026-08-12T17:16:37.653Z,7,2,false,-100,-2.2308449,-80.8627987
2026-08-12T17:16:38.700Z,7,6,true,-57,-2.230844,-80.8627966
2026-08-12T17:16:38.724Z,7,3,false,-100,-2.230844,-80.8627966
2026-08-12T17:16:40.136Z,8,1,false,-100,-2.2308442,-80.8627942
2026-08-12T17:16:41.967Z,8,3,false,-100,-2.2308444,-80.862792
2026-08-12T17:16:41.978Z,8,2,false,-100,-2.2308444,-80.862792
2026-08-12T17:16:42.476Z,8,6,true,-76,-2.2308067,-80.8627902
2026-08-12T17:16:45.301Z,9,1,false,-100,-2.2307663,-80.8627842
2026-08-12T17:16:45.363Z,9,2,false,-100,-2.2307663,-80.8627842
2026-08-12T17:16:46.191Z,9,3,false,-100,-2.2307615,-80.8627793
2026-08-12T17:16:47.110Z,9,6,true,-76,-2.2307598,-80.8627748
2026-08-12T17:16:49.160Z,10,1,false,-100,-2.230759,-80.862763
2026-08-12T17:16:49.222Z,10,2,false,-100,-2.230759,-80.862763
2026-08-12T17:16:50.774Z,10,3,false,-100,-2.2307602,-80.862758
2026-08-12T17:16:50.797Z,10,6,true,-76,-2.2307602,-80.862758
2026-08-12T17:16:52.191Z,11,1,false,-100,-2.230719,-80.8627553
2026-08-12T17:16:54.124Z,11,3,false,-100,-2.2306948,-80.862752
2026-08-12T17:16:54.128Z,11,2,false,-100,-2.2306948,-80.862752
2026-08-12T17:16:54.886Z,11,6,true,-76,-2.2306661,-80.8627558
2026-08-12T17:16:56.967Z,12,1,false,-100,-2.2306476,-80.8627474
2026-08-12T17:16:57.001Z,12,2,false,-100,-2.2306476,-80.8627474
2026-08-12T17:16:58.505Z,12,3,false,-100,-2.2306424,-80.8627451
2026-08-12T17:16:58.523Z,12,6,true,-69,-2.2306424,-80.8627451
2026-08-12T17:17:01.178Z,13,2,false,-100,-2.230639,-80.8627351
2026-08-12T17:17:01.185Z,13,1,false,-100,-2.230639,-80.8627351
2026-08-12T17:17:01.799Z,13,3,false,-100,-2.2306396,-80.8627411
2026-08-12T17:17:03.387Z,13,6,true,-81,-2.2306391,-80.8627357
2026-08-12T17:17:04.629Z,14,1,false,-100,-2.2306393,-80.8627357
2026-08-12T17:17:06.097Z,14,3,false,-100,-2.2306396,-80.862733
2026-08-12T17:17:06.102Z,14,2,false,-100,-2.2306396,-80.862733
2026-08-12T17:17:06.892Z,14,6,true,-73,-2.2306397,-80.8627357
2026-08-12T17:17:10.229Z,15,2,false,-100,-2.2304726,-80.8626056
2026-08-12T17:17:10.234Z,15,1,false,-100,-2.2304726,-80.8626056
2026-08-12T17:17:10.267Z,15,3,false,-100,-2.2304726,-80.8626056
2026-08-12T17:17:11.035Z,15,6,true,-76,-2.2304671,-80.8625967
2026-08-12T17:17:13.126Z,16,1,true,-57,-2.2304528,-80.8625751
2026-08-12T17:17:13.172Z,16,2,false,-100,-2.2304528,-80.8625751
2026-08-12T17:17:14.649Z,16,3,false,-100,-2.2304591,-80.8625629
2026-08-12T17:17:14.654Z,16,6,true,-49,-2.2304591,-80.8625629
2026-08-12T17:17:16.169Z,17,1,false,-93,-2.2304683,-80.8625572
2026-08-12T17:17:17.525Z,17,2,false,-100,-2.2304738,-80.8625534
2026-08-12T17:17:18.473Z,17,6,true,-49,-2.2304731,-80.8625507
2026-08-12T17:17:18.487Z,17,3,false,-100,-2.2304731,-80.8625507
2026-08-12T17:17:20.577Z,18,1,true,-76,-2.2304725,-80.862541
2026-08-12T17:17:21.412Z,18,2,false,-100,-2.2304691,-80.8625427
2026-08-12T17:17:22.769Z,18,6,true,-73,-2.2304519,-80.8625176
2026-08-12T17:17:22.778Z,18,3,false,-100,-2.2304519,-80.8625176
2026-08-12T17:17:24.155Z,19,1,true,-76,-2.2304428,-80.8625008
2026-08-12T17:17:25.952Z,19,3,true,-61,-2.2304353,-80.8624022
2026-08-12T17:17:25.979Z,19,2,false,-100,-2.2304353,-80.8624022
2026-08-12T17:17:27.210Z,19,6,true,-45,-2.2304415,-80.8623892
2026-08-12T17:17:29.208Z,20,2,true,-64,-2.2304568,-80.8623729
2026-08-12T17:17:29.214Z,20,1,false,-88,-2.2304568,-80.8623729
2026-08-12T17:17:29.242Z,20,3,true,-45,-2.2304592,-80.8623718
2026-08-12T17:17:30.784Z,20,6,true,-40,-2.230463,-80.8623652
2026-08-12T17:17:32.785Z,21,1,true,-40,-2.2304604,-80.8623671
2026-08-12T17:17:32.844Z,21,2,false,-100,-2.2304604,-80.8623671
2026-08-12T17:17:33.544Z,21,3,false,-97,-2.2304608,-80.8623608
2026-08-12T17:17:35.216Z,21,6,false,-97,-2.2304611,-80.862353
2026-08-12T17:17:35.968Z,22,1,true,-40,-2.230462,-80.8623529
2026-08-12T17:17:37.365Z,22,2,false,-100,-2.2304635,-80.8623631
2026-08-12T17:17:37.747Z,22,3,false,-100,-2.2304626,-80.862351
2026-08-12T17:17:39.287Z,22,6,true,-85,-2.230462,-80.8623602
2026-08-12T17:17:40.983Z,23,2,false,-100,-2.23046,-80.8623675
2026-08-12T17:17:40.995Z,23,1,true,-40,-2.23046,-80.8623675
2026-08-12T17:17:42.552Z,23,3,false,-100,-2.2304597,-80.8623698
2026-08-12T17:17:42.560Z,23,6,true,-73,-2.2304597,-80.8623698
2026-08-12T17:17:44.626Z,24,2,false,-100,-2.2304581,-80.8623736
2026-08-12T17:17:44.639Z,24,1,true,-40,-2.2304581,-80.8623736
2026-08-12T17:17:46.214Z,24,6,true,-49,-2.2304576,-80.862375
2026-08-12T17:17:46.221Z,24,3,false,-93,-2.2304576,-80.862375
2026-08-12T17:17:48.973Z,25,2,false,-100,-2.2304517,-80.8623889
2026-08-12T17:17:48.976Z,25,1,true,-40,-2.2304517,-80.8623889
2026-08-12T17:17:49.382Z,25,3,false,-100,-2.230451,-80.8623911
2026-08-12T17:17:51.104Z,25,6,true,-64,-2.2304465,-80.8623951
2026-08-12T17:17:51.975Z,26,1,true,-40,-2.2304454,-80.8623964
2026-08-12T17:17:52.717Z,26,2,false,-100,-2.230445,-80.8623968
2026-08-12T17:17:54.479Z,26,3,false,-85,-2.2304452,-80.8623965
2026-08-12T17:17:54.493Z,26,6,true,-40,-2.2304452,-80.8623965
2026-08-12T17:17:56.994Z,27,2,false,-100,-2.230445,-80.8623962
2026-08-12T17:17:57.002Z,27,1,true,-40,-2.230445,-80.8623962
2026-08-12T17:17:58.537Z,27,3,false,-100,-2.2304446,-80.8623968
2026-08-12T17:17:58.542Z,27,6,true,-40,-2.2304446,-80.8623968
2026-08-12T17:18:01.004Z,28,2,false,-100,-2.2304442,-80.8623968
2026-08-12T17:18:01.016Z,28,1,true,-40,-2.2304442,-80.8623968
2026-08-12T17:18:01.503Z,28,3,false,-100,-2.2304444,-80.8623975
2026-08-12T17:18:02.590Z,28,6,true,-40,-2.2304445,-80.8623974
2026-08-12T17:18:03.920Z,29,1,true,-40,-2.2304446,-80.862397
2026-08-12T17:18:05.826Z,29,2,false,-100,-2.2304408,-80.8624015
2026-08-12T17:18:05.833Z,29,3,false,-100,-2.2304408,-80.8624015
2026-08-12T17:18:07.216Z,29,6,true,-76,-2.2304348,-80.8624088
2026-08-12T17:18:08.987Z,30,2,false,-100,-2.230427,-80.8624274
2026-08-12T17:18:09.003Z,30,1,true,-40,-2.230427,-80.8624274
2026-08-12T17:18:10.527Z,30,3,false,-100,-2.2304072,-80.8624753
2026-08-12T17:18:10.533Z,30,6,true,-69,-2.2304072,-80.8624753
2026-08-12T17:18:12.037Z,31,1,true,-49,-2.2304046,-80.8624867
2026-08-12T17:18:13.831Z,31,2,false,-100,-2.2304117,-80.8625043
2026-08-12T17:18:13.840Z,31,3,false,-100,-2.2304117,-80.8625043
2026-08-12T17:18:14.872Z,31,6,true,-64,-2.2304152,-80.8625121
2026-08-12T17:18:16.682Z,32,1,true,-40,-2.2304216,-80.8625099
2026-08-12T17:18:16.699Z,32,2,false,-100,-2.2304216,-80.8625099
2026-08-12T17:18:17.959Z,32,3,false,-100,-2.2304288,-80.8625096
2026-08-12T17:18:18.960Z,32,6,true,-64,-2.2304358,-80.8625102
2026-08-12T17:18:20.528Z,33,1,true,-45,-2.2304429,-80.8625101
2026-08-12T17:18:21.794Z,33,2,false,-100,-2.2304493,-80.862511
2026-08-12T17:18:21.808Z,33,3,false,-97,-2.2304493,-80.862511
2026-08-12T17:18:22.181Z,33,6,true,-69,-2.2304402,-80.8625191
2026-08-12T17:18:24.986Z,34,1,true,-40,-2.2303814,-80.8626189
2026-08-12T17:18:25.027Z,34,2,false,-100,-2.2303814,-80.8626189
2026-08-12T17:18:26.541Z,34,6,true,-85,-2.2303532,-80.8626733
2026-08-12T17:18:26.547Z,34,3,false,-100,-2.2303532,-80.8626733
2026-08-12T17:18:29.047Z,35,2,false,-100,-2.2303216,-80.8627209
2026-08-12T17:18:29.054Z,35,1,true,-40,-2.2303216,-80.8627209
2026-08-12T17:18:30.606Z,35,3,false,-100,-2.2303144,-80.8627321
2026-08-12T17:18:30.612Z,35,6,true,-81,-2.2303144,-80.8627321
2026-08-12T17:18:32.701Z,36,1,true,-40,-2.230313,-80.8627269
2026-08-12T17:18:32.762Z,36,2,false,-100,-2.230313,-80.8627269
2026-08-12T17:18:33.502Z,36,3,false,-100,-2.2303136,-80.8627249
2026-08-12T17:18:36.258Z,36,6,true,-76,-2.230316,-80.8627171
2026-08-12T17:18:36.263Z,37,1,true,-40,-2.230316,-80.8627171
2026-08-12T17:18:37.769Z,37,2,false,-100,-2.2303246,-80.8627296
2026-08-12T17:18:37.783Z,37,3,false,-100,-2.2303246,-80.8627296
2026-08-12T17:18:38.554Z,37,6,true,-69,-2.2303358,-80.8627375
2026-08-12T17:18:41.005Z,38,1,true,-40,-2.2303613,-80.8627463
2026-08-12T17:18:41.043Z,38,2,false,-100,-2.2303613,-80.8627463
2026-08-12T17:18:41.512Z,38,3,false,-100,-2.2303654,-80.8627489
2026-08-12T17:18:42.573Z,38,6,true,-69,-2.2303679,-80.8627501
2026-08-12T17:18:43.945Z,39,1,true,-40,-2.2303681,-80.8627495
2026-08-12T17:18:45.734Z,39,3,false,-97,-2.2304113,-80.8627557
2026-08-12T17:18:45.739Z,39,2,false,-100,-2.2304113,-80.8627557
2026-08-12T17:18:47.229Z,39,6,true,-73,-2.2304328,-80.8627628
2026-08-12T17:18:48.967Z,40,1,true,-40,-2.2304456,-80.8627738
2026-08-12T17:18:49.009Z,40,2,false,-100,-2.2304456,-80.8627738
2026-08-12T17:18:50.562Z,40,3,false,-100,-2.230455,-80.8627823
2026-08-12T17:18:50.568Z,40,6,true,-64,-2.230455,-80.8627823
2026-08-12T17:18:51.999Z,41,1,true,-40,-2.2304563,-80.8627812
2026-08-12T17:18:53.785Z,41,2,false,-100,-2.2304564,-80.8627821
2026-08-12T17:18:53.794Z,41,3,false,-100,-2.2304564,-80.8627821
2026-08-12T17:18:55.326Z,41,6,true,-85,-2.2305001,-80.8628033
2026-08-12T17:18:57.045Z,42,1,true,-40,-2.2305281,-80.862808
2026-08-12T17:18:57.086Z,42,2,false,-100,-2.2305281,-80.862808
2026-08-12T17:18:58.529Z,42,3,false,-100,-2.2305856,-80.8628077
2026-08-12T17:18:58.534Z,42,6,true,-81,-2.2305856,-80.8628077
2026-08-12T17:19:00.678Z,43,1,true,-40,-2.2306057,-80.8628048
2026-08-12T17:19:00.700Z,43,2,false,-100,-2.2306057,-80.8628048
2026-08-12T17:19:02.053Z,43,3,false,-100,-2.2306039,-80.8628034
2026-08-12T17:19:02.989Z,43,6,true,-69,-2.2306021,-80.8628034
2026-08-12T17:19:04.056Z,44,1,true,-49,-2.2306005,-80.8628025
2026-08-12T17:19:05.846Z,44,3,false,-100,-2.2306417,-80.8627983
2026-08-12T17:19:05.857Z,44,2,false,-100,-2.2306417,-80.8627983
2026-08-12T17:19:06.737Z,44,6,true,-69,-2.230654,-80.8627953
2026-08-12T17:19:08.091Z,45,1,true,-45,-2.2306597,-80.8627915
2026-08-12T17:19:09.850Z,45,2,false,-100,-2.2307506,-80.8627979
2026-08-12T17:19:09.860Z,45,3,false,-100,-2.2307506,-80.8627979
2026-08-12T17:19:11.391Z,45,6,true,-88,-2.2308239,-80.8628068
2026-08-12T17:19:13.119Z,46,1,true,-64,-2.2308599,-80.8628092
2026-08-12T17:19:13.140Z,46,2,false,-100,-2.2308599,-80.8628092
2026-08-12T17:19:14.705Z,46,6,true,-73,-2.2308645,-80.8628034
2026-08-12T17:19:14.712Z,46,3,false,-100,-2.2308645,-80.8628034
2026-08-12T17:19:16.360Z,47,1,true,-81,-2.230869,-80.8628009
2026-08-12T17:19:18.026Z,47,3,false,-100,-2.2308869,-80.8627921
2026-08-12T17:19:18.033Z,47,2,false,-100,-2.2308869,-80.8627921
2026-08-12T17:19:19.463Z,47,6,true,-69,-2.2308889,-80.8627997
2026-08-12T17:19:21.222Z,48,2,false,-100,-2.2309173,-80.8628008
2026-08-12T17:19:21.230Z,48,1,true,-81,-2.2309173,-80.8628008
2026-08-12T17:19:22.817Z,48,3,false,-100,-2.230946,-80.8627957
2026-08-12T17:19:22.822Z,48,6,true,-57,-2.230946,-80.8627957
2026-08-12T17:19:24.243Z,49,1,true,-69,-2.2309526,-80.8627882
2026-08-12T17:19:25.976Z,49,2,false,-100,-2.230983,-80.8627691
2026-08-12T17:19:25.983Z,49,3,false,-100,-2.230983,-80.8627691
2026-08-12T17:19:27.209Z,49,6,true,-40,-2.2309877,-80.8627756
2026-08-12T17:19:29.218Z,50,2,false,-100,-2.2310007,-80.8627896
2026-08-12T17:19:29.231Z,50,1,true,-73,-2.2310007,-80.8627896
2026-08-12T17:19:30.461Z,50,3,true,-49,-2.2310225,-80.8628233
2026-08-12T17:19:30.468Z,50,6,true,-40,-2.2310225,-80.8628233
2026-08-12T17:19:33.102Z,51,2,false,-100,-2.2310369,-80.8628315
2026-08-12T17:19:33.109Z,51,1,true,-45,-2.2310369,-80.8628315
2026-08-12T17:19:33.268Z,51,3,true,-40,-2.2310347,-80.8628324
2026-08-12T17:19:33.700Z,51,6,true,-40,-2.231032,-80.862833
2026-08-12T17:19:37.286Z,52,2,false,-100,-2.231035,-80.86281
2026-08-12T17:19:37.297Z,52,1,true,-81,-2.231035,-80.86281
2026-08-12T17:19:38.413Z,52,3,true,-40,-2.2310476,-80.8628016
2026-08-12T17:19:38.425Z,52,6,true,-40,-2.2310476,-80.8628016
2026-08-12T17:19:40.258Z,53,1,false,-100,-2.2310507,-80.862795
2026-08-12T17:19:41.536Z,53,3,true,-45,-2.231051,-80.8627929
2026-08-12T17:19:41.544Z,53,2,false,-100,-2.231051,-80.8627929
2026-08-12T17:19:42.106Z,53,6,true,-40,-2.2310506,-80.8627943
2026-08-12T17:19:45.019Z,54,2,false,-100,-2.231051,-80.8627844
2026-08-12T17:19:45.028Z,54,1,false,-100,-2.231051,-80.8627844
2026-08-12T17:19:45.468Z,54,3,true,-40,-2.2310507,-80.8627889
2026-08-12T17:19:46.789Z,54,6,true,-40,-2.2310507,-80.8627867
2026-08-12T17:19:48.271Z,55,1,false,-100,-2.2310508,-80.8627843
2026-08-12T17:19:50.100Z,55,3,true,-61,-2.2311262,-80.8627175
2026-08-12T17:19:50.112Z,55,2,false,-100,-2.2311262,-80.8627175
2026-08-12T17:19:50.119Z,55,6,true,-45,-2.2311262,-80.8627175
2026-08-12T17:19:53.296Z,56,2,false,-100,-2.2311103,-80.862665
2026-08-12T17:19:53.309Z,56,1,false,-100,-2.2311103,-80.862665
2026-08-12T17:19:54.522Z,56,3,true,-40,-2.2311292,-80.8626552
2026-08-12T17:19:54.538Z,56,6,true,-40,-2.2311292,-80.8626552
2026-08-12T17:19:57.159Z,57,1,false,-100,-2.2311338,-80.8626446
2026-08-12T17:19:57.221Z,57,2,false,-100,-2.2311338,-80.8626446
2026-08-12T17:19:57.989Z,57,6,true,-40,-2.2311336,-80.8626465
2026-08-12T17:19:58.001Z,57,3,true,-40,-2.2311336,-80.8626465
2026-08-12T17:20:01.328Z,58,1,false,-100,-2.2311945,-80.8625484
2026-08-12T17:20:01.370Z,58,2,false,-100,-2.2311945,-80.8625484
2026-08-12T17:20:02.583Z,58,3,true,-40,-2.2311956,-80.8625326
2026-08-12T17:20:02.589Z,58,6,true,-40,-2.2311956,-80.8625326
2026-08-12T17:20:05.364Z,59,1,false,-100,-2.2311829,-80.8625166
2026-08-12T17:20:05.376Z,59,2,false,-97,-2.2311829,-80.8625166
2026-08-12T17:20:06.553Z,59,6,true,-40,-2.2311804,-80.8625065
2026-08-12T17:20:06.558Z,59,3,true,-40,-2.2311804,-80.8625065
2026-08-12T17:20:08.307Z,60,1,false,-100,-2.2311792,-80.8624996
2026-08-12T17:20:09.367Z,60,2,false,-88,-2.231179,-80.8624988
2026-08-12T17:20:09.905Z,60,3,true,-40,-2.2311788,-80.8624998
2026-08-12T17:20:09.909Z,60,6,true,-40,-2.2311788,-80.8624998
2026-08-12T17:20:13.348Z,61,1,false,-100,-2.2311776,-80.8623783
2026-08-12T17:20:13.390Z,61,2,false,-93,-2.2311776,-80.8623783
2026-08-12T17:20:14.565Z,61,6,true,-40,-2.2311692,-80.8623452
2026-08-12T17:20:14.578Z,61,3,true,-40,-2.2311692,-80.8623452
2026-08-12T17:20:17.343Z,62,2,false,-100,-2.2311676,-80.8623063
2026-08-12T17:20:17.349Z,62,1,false,-100,-2.2311676,-80.8623063
2026-08-12T17:20:18.551Z,62,6,true,-40,-2.2311651,-80.8622937
2026-08-12T17:20:18.558Z,62,3,true,-45,-2.2311651,-80.8622937
2026-08-12T17:20:21.276Z,63,1,false,-100,-2.2311619,-80.8622794
2026-08-12T17:20:21.326Z,63,2,false,-100,-2.2311619,-80.8622794
2026-08-12T17:20:22.219Z,63,3,true,-40,-2.2311669,-80.8622885
2026-08-12T17:20:22.227Z,63,6,true,-40,-2.2311669,-80.8622885
2026-08-12T17:20:24.679Z,64,1,false,-100,-2.2311615,-80.8622761
2026-08-12T17:20:26.281Z,64,2,false,-100,-2.2311593,-80.8622741
2026-08-12T17:20:26.287Z,64,3,true,-52,-2.2311593,-80.8622741
2026-08-12T17:20:26.296Z,64,6,true,-40,-2.2311593,-80.8622741
2026-08-12T17:20:28.322Z,65,1,false,-100,-2.2311585,-80.8622732
2026-08-12T17:20:29.376Z,65,3,true,-40,-2.2311587,-80.8622756
2026-08-12T17:20:29.382Z,65,2,true,-81,-2.2311587,-80.8622756
2026-08-12T17:20:29.980Z,65,6,true,-40,-2.231159,-80.8622779
2026-08-12T17:20:33.303Z,66,2,false,-100,-2.231114,-80.8623051
2026-08-12T17:20:33.308Z,66,1,false,-100,-2.231114,-80.8623051
2026-08-12T17:20:33.844Z,66,3,false,-100,-2.2311151,-80.8623088
2026-08-12T17:20:34.340Z,66,6,true,-40,-2.2311161,-80.8623127
2026-08-12T17:20:37.309Z,67,1,false,-100,-2.2311452,-80.8623209
2026-08-12T17:20:37.353Z,67,2,false,-88,-2.2311452,-80.8623209
2026-08-12T17:20:37.676Z,67,3,true,-64,-2.2311545,-80.8623263
2026-08-12T17:20:38.135Z,67,6,true,-40,-2.2311597,-80.8623287
2026-08-12T17:20:40.708Z,68,1,false,-100,-2.2311651,-80.8623251
2026-08-12T17:20:42.148Z,68,2,false,-100,-2.231168,-80.8623256
2026-08-12T17:20:42.155Z,68,3,true,-40,-2.231168,-80.8623256
2026-08-12T17:20:42.159Z,68,6,true,-40,-2.231168,-80.8623256
2026-08-12T17:20:45.311Z,69,2,false,-88,-2.2311767,-80.8622907
2026-08-12T17:20:45.317Z,69,1,false,-100,-2.2311767,-80.8622907
2026-08-12T17:20:46.872Z,69,6,true,-40,-2.2311703,-80.8622899
2026-08-12T17:20:46.879Z,69,3,false,-100,-2.2311703,-80.8622899
2026-08-12T17:20:49.311Z,70,1,false,-97,-2.2311702,-80.8622906
2026-08-12T17:20:49.324Z,70,3,true,-40,-2.2311702,-80.8622906
2026-08-12T17:20:49.328Z,70,2,true,-73,-2.2311702,-80.8622906
2026-08-12T17:20:49.918Z,70,6,true,-40,-2.2311705,-80.8622918
2026-08-12T17:20:53.226Z,71,3,true,-49,-2.2311712,-80.8622906
2026-08-12T17:20:53.247Z,71,1,true,-57,-2.2311712,-80.8622906
2026-08-12T17:20:53.353Z,71,2,true,-49,-2.2311712,-80.8622906
2026-08-12T17:20:54.687Z,71,6,true,-40,-2.2311724,-80.8622932
2026-08-12T17:20:56.633Z,72,2,true,-40,-2.2311727,-80.8622933
2026-08-12T17:20:56.636Z,72,1,false,-100,-2.2311727,-80.8622933
2026-08-12T17:20:57.707Z,72,6,true,-40,-2.2311729,-80.8622971
2026-08-12T17:20:57.717Z,72,3,true,-40,-2.2311729,-80.8622971
2026-08-12T17:21:01.193Z,73,3,true,-40,-2.2311615,-80.862301
2026-08-12T17:21:01.199Z,73,1,true,-64,-2.2311615,-80.862301
2026-08-12T17:21:01.231Z,73,2,true,-40,-2.2311615,-80.862301
2026-08-12T17:21:02.559Z,73,6,true,-40,-2.2311643,-80.8622991
2026-08-12T17:21:05.255Z,74,1,true,-73,-2.2311633,-80.8622996
2026-08-12T17:21:05.262Z,74,2,true,-40,-2.2311633,-80.8622996
2026-08-12T17:21:05.264Z,74,3,true,-40,-2.2311633,-80.8622996
2026-08-12T17:21:06.169Z,74,6,true,-40,-2.2311631,-80.8623006
2026-08-12T17:21:09.307Z,75,2,true,-40,-2.231173,-80.8622938
2026-08-12T17:21:09.321Z,75,3,true,-40,-2.231173,-80.8622938
2026-08-12T17:21:09.326Z,75,1,false,-88,-2.231173,-80.8622938
2026-08-12T17:21:10.692Z,75,6,true,-40,-2.2311738,-80.8622892
2026-08-12T17:21:13.258Z,76,3,true,-40,-2.2311743,-80.8622912
2026-08-12T17:21:13.263Z,76,2,true,-40,-2.2311743,-80.8622912
2026-08-12T17:21:13.279Z,76,1,true,-81,-2.2311743,-80.8622912
2026-08-12T17:21:14.597Z,76,6,true,-40,-2.2311683,-80.8622853
2026-08-12T17:21:17.172Z,77,3,true,-45,-2.2311676,-80.8622847
2026-08-12T17:21:17.180Z,77,2,true,-40,-2.2311676,-80.8622847
2026-08-12T17:21:17.189Z,77,1,true,-45,-2.2311676,-80.8622847
2026-08-12T17:21:18.604Z,77,6,true,-40,-2.2311717,-80.8622858
2026-08-12T17:21:21.216Z,78,1,true,-52,-2.2311723,-80.8622881
2026-08-12T17:21:21.251Z,78,2,false,-85,-2.2311723,-80.8622881
2026-08-12T17:21:21.397Z,78,3,true,-45,-2.2311724,-80.8622888
2026-08-12T17:21:22.326Z,78,6,true,-40,-2.2311723,-80.8622887
2026-08-12T17:21:24.776Z,79,1,false,-100,-2.2311725,-80.8622887
2026-08-12T17:21:24.802Z,79,2,true,-40,-2.2311725,-80.8622887
2026-08-12T17:21:25.248Z,79,3,true,-40,-2.2311725,-80.8622889
2026-08-12T17:21:26.799Z,79,6,true,-40,-2.2311735,-80.8622881
2026-08-12T17:21:29.299Z,80,1,true,-73,-2.2311745,-80.8622897
2026-08-12T17:21:29.330Z,80,2,true,-40,-2.2311745,-80.8622897
2026-08-12T17:21:29.333Z,80,3,true,-40,-2.2311745,-80.8622897
2026-08-12T17:21:30.727Z,80,6,true,-40,-2.2311747,-80.86229
2026-08-12T17:21:33.178Z,81,3,true,-40,-2.2311742,-80.8622901
2026-08-12T17:21:33.184Z,81,2,true,-45,-2.2311742,-80.8622901
2026-08-12T17:21:33.196Z,81,1,true,-49,-2.2311742,-80.8622901
2026-08-12T17:21:34.598Z,81,6,true,-40,-2.231174,-80.8622903
2026-08-12T17:21:37.295Z,82,3,true,-40,-2.2311743,-80.8622907
2026-08-12T17:21:37.317Z,82,1,true,-81,-2.2311743,-80.8622907
2026-08-12T17:21:37.336Z,82,2,true,-40,-2.2311743,-80.8622907
2026-08-12T17:21:38.746Z,82,6,true,-40,-2.2311741,-80.8622906
2026-08-12T17:21:40.131Z,83,1,true,-57,-2.2311743,-80.8622908
2026-08-12T17:21:41.930Z,83,6,true,-40,-2.2311634,-80.8622937
2026-08-12T17:21:41.936Z,83,2,false,-97,-2.2311634,-80.8622937
2026-08-12T17:21:41.946Z,83,3,true,-40,-2.2311634,-80.8622937
2026-08-12T17:21:45.368Z,84,1,false,-100,-2.2311675,-80.8622978
2026-08-12T17:21:45.414Z,84,2,false,-97,-2.2311675,-80.8622978
2026-08-12T17:21:46.833Z,84,6,true,-40,-2.2311677,-80.8622982
2026-08-12T17:21:46.847Z,84,3,true,-81,-2.2311677,-80.8622982
2026-08-12T17:21:49.370Z,85,2,false,-100,-2.2311674,-80.8622992
2026-08-12T17:21:49.376Z,85,1,false,-100,-2.2311674,-80.8622992
2026-08-12T17:21:50.873Z,85,3,false,-93,-2.2311665,-80.8623006
2026-08-12T17:21:50.881Z,85,6,true,-40,-2.2311665,-80.8623006
2026-08-12T17:21:52.469Z,86,1,false,-97,-2.2311662,-80.8623013
2026-08-12T17:21:54.058Z,86,2,false,-97,-2.2311661,-80.8623014
2026-08-12T17:21:54.065Z,86,3,true,-81,-2.2311661,-80.8623014
2026-08-12T17:21:54.742Z,86,6,true,-40,-2.231166,-80.8623016
2026-08-12T17:21:56.729Z,87,1,false,-100,-2.2311659,-80.8623015
2026-08-12T17:21:57.812Z,87,2,false,-100,-2.231166,-80.8623015
2026-08-12T17:21:57.817Z,87,3,false,-100,-2.231166,-80.8623015
2026-08-12T17:21:59.448Z,87,6,true,-45,-2.2311658,-80.8623016
2026-08-12T17:22:00.372Z,88,1,false,-100,-2.2311667,-80.8623018
2026-08-12T17:22:02.158Z,88,6,true,-40,-2.2311667,-80.8623012
2026-08-12T17:22:02.170Z,88,3,true,-52,-2.2311667,-80.8623012
2026-08-12T17:22:02.180Z,88,2,false,-97,-2.2311667,-80.8623012
2026-08-12T17:22:05.398Z,89,1,false,-100,-2.2311673,-80.8623008
2026-08-12T17:22:05.432Z,89,2,false,-97,-2.2311673,-80.8623008
2026-08-12T17:22:06.480Z,89,6,true,-40,-2.231167,-80.862301
2026-08-12T17:22:06.487Z,89,3,true,-45,-2.231167,-80.862301
2026-08-12T17:22:08.356Z,90,1,false,-100,-2.2311668,-80.8623007
2026-08-12T17:22:09.952Z,90,3,true,-40,-2.2311669,-80.8623023
2026-08-12T17:22:09.956Z,90,2,false,-100,-2.2311669,-80.8623023
2026-08-12T17:22:10.158Z,90,6,true,-40,-2.2311593,-80.862303
2026-08-12T17:22:13.410Z,91,2,false,-100,-2.2311609,-80.8623024
2026-08-12T17:22:13.436Z,91,1,false,-100,-2.2311609,-80.8623024
2026-08-12T17:22:14.631Z,91,3,true,-40,-2.2311618,-80.8623036
2026-08-12T17:22:14.646Z,91,6,true,-40,-2.2311618,-80.8623036
2026-08-12T17:22:17.391Z,92,1,false,-100,-2.2311628,-80.8623028
2026-08-12T17:22:17.434Z,92,2,false,-100,-2.2311628,-80.8623028
2026-08-12T17:22:18.615Z,92,3,true,-40,-2.2311629,-80.862303
2026-08-12T17:22:18.620Z,92,6,true,-40,-2.2311629,-80.862303
2026-08-12T17:22:21.388Z,93,2,false,-100,-2.2311646,-80.8623038
2026-08-12T17:22:21.394Z,93,1,false,-100,-2.2311646,-80.8623038
2026-08-12T17:22:22.183Z,93,6,true,-40,-2.2311639,-80.8623028
2026-08-12T17:22:22.205Z,93,3,true,-40,-2.2311639,-80.8623028
2026-08-12T17:22:24.902Z,94,2,true,-40,-2.231164,-80.8623018
2026-08-12T17:22:24.916Z,94,1,false,-100,-2.231164,-80.8623018
2026-08-12T17:22:26.364Z,94,6,true,-40,-2.2311643,-80.8623018
2026-08-12T17:22:26.373Z,94,3,true,-40,-2.2311643,-80.8623018
2026-08-12T17:22:28.850Z,95,1,false,-100,-2.2311644,-80.8623011
2026-08-12T17:22:28.903Z,95,2,true,-40,-2.2311644,-80.8623011
2026-08-12T17:22:29.358Z,95,3,true,-45,-2.2311644,-80.8623015
2026-08-12T17:22:30.840Z,95,6,true,-40,-2.2311643,-80.8623009
2026-08-12T17:22:32.347Z,96,1,false,-100,-2.2311663,-80.862294
2026-08-12T17:22:33.744Z,96,3,true,-40,-2.2311672,-80.8622852
2026-08-12T17:22:33.754Z,96,2,false,-88,-2.2311672,-80.8622852
2026-08-12T17:22:34.372Z,96,6,true,-40,-2.2311679,-80.8622837
2026-08-12T17:22:36.842Z,97,1,false,-100,-2.2311688,-80.8622752
2026-08-12T17:22:37.772Z,97,2,false,-100,-2.2311698,-80.8622762
2026-08-12T17:22:37.786Z,97,3,true,-40,-2.2311698,-80.8622762
2026-08-12T17:22:38.428Z,97,6,true,-40,-2.2311701,-80.8622772
2026-08-12T17:22:40.766Z,98,1,false,-100,-2.2311702,-80.8622704
2026-08-12T17:22:42.214Z,98,3,true,-40,-2.2310884,-80.8619923
2026-08-12T17:22:42.228Z,98,6,true,-40,-2.2310884,-80.8619923
2026-08-12T17:22:42.233Z,98,2,false,-100,-2.2310884,-80.8619923
2026-08-12T17:22:45.416Z,99,2,false,-100,-2.231002,-80.8617865
2026-08-12T17:22:45.423Z,99,1,false,-100,-2.231002,-80.8617865
2026-08-12T17:22:46.044Z,99,6,true,-40,-2.230998,-80.8617759
2026-08-12T17:22:46.050Z,99,3,true,-45,-2.230998,-80.8617759
2026-08-12T17:22:49.244Z,100,2,false,-100,-2.2309857,-80.8617534
2026-08-12T17:22:49.265Z,100,1,false,-100,-2.2309857,-80.8617534
2026-08-12T17:22:50.247Z,100,3,true,-40,-2.2309808,-80.8617604
2026-08-12T17:22:50.256Z,100,6,true,-49,-2.2309808,-80.8617604
2026-08-12T17:22:53.395Z,101,2,false,-100,-2.2310967,-80.8615642
2026-08-12T17:22:53.400Z,101,1,false,-100,-2.2310967,-80.8615642
2026-08-12T17:22:54.598Z,101,3,true,-40,-2.2310927,-80.8615379
2026-08-12T17:22:54.604Z,101,6,true,-45,-2.2310927,-80.8615379
2026-08-12T17:22:57.427Z,102,1,false,-100,-2.2310878,-80.8614858
2026-08-12T17:22:57.470Z,102,2,false,-100,-2.2310878,-80.8614858
2026-08-12T17:22:58.647Z,102,6,true,-45,-2.2310867,-80.8614786
2026-08-12T17:22:58.654Z,102,3,true,-45,-2.2310867,-80.8614786
2026-08-12T17:23:00.312Z,103,1,false,-100,-2.231086,-80.8614748
2026-08-12T17:23:01.505Z,103,3,true,-40,-2.2310864,-80.8614737
2026-08-12T17:23:01.511Z,103,2,false,-100,-2.2310864,-80.8614737
2026-08-12T17:23:02.668Z,103,6,true,-45,-2.2310859,-80.8614729
2026-08-12T17:23:05.271Z,104,2,false,-100,-2.2310858,-80.8614658
2026-08-12T17:23:05.306Z,104,1,false,-100,-2.2310858,-80.8614658
2026-08-12T17:23:06.052Z,104,3,true,-40,-2.2310863,-80.8614681
2026-08-12T17:23:06.057Z,104,6,true,-45,-2.2310863,-80.8614681
2026-08-12T17:23:09.426Z,105,2,false,-100,-2.2310867,-80.861463
2026-08-12T17:23:09.431Z,105,1,false,-100,-2.2310867,-80.861463
2026-08-12T17:23:10.685Z,105,6,true,-40,-2.2310861,-80.8614603
2026-08-12T17:23:10.695Z,105,3,true,-40,-2.2310861,-80.8614603
2026-08-12T17:23:13.155Z,106,2,false,-100,-2.2310939,-80.8614523
2026-08-12T17:23:13.167Z,106,1,false,-100,-2.2310939,-80.8614523
2026-08-12T17:23:14.626Z,106,6,false,-97,-2.2310953,-80.8614521
2026-08-12T17:23:14.634Z,106,3,true,-40,-2.2310953,-80.8614521
2026-08-12T17:23:17.448Z,107,1,false,-100,-2.2310991,-80.8614599
2026-08-12T17:23:17.481Z,107,2,false,-100,-2.2310991,-80.8614599
2026-08-12T17:23:18.668Z,107,3,true,-40,-2.2311027,-80.8614659
2026-08-12T17:23:18.695Z,107,6,false,-100,-2.2311027,-80.8614659
2026-08-12T17:23:21.380Z,108,2,false,-100,-2.2311055,-80.8614659
2026-08-12T17:23:21.389Z,108,1,false,-100,-2.2311055,-80.8614659
2026-08-12T17:23:22.736Z,108,6,false,-100,-2.2311055,-80.8614661
2026-08-12T17:23:22.743Z,108,3,true,-40,-2.2311055,-80.8614661
2026-08-12T17:23:25.434Z,109,1,false,-100,-2.2311107,-80.8614651
2026-08-12T17:23:25.444Z,109,2,false,-100,-2.2311107,-80.8614651
2026-08-12T17:23:27.235Z,109,6,false,-100,-2.2311212,-80.8614726
2026-08-12T17:23:27.247Z,109,3,true,-40,-2.2311212,-80.8614726
2026-08-12T17:23:29.845Z,110,2,false,-100,-2.2311283,-80.8614801
2026-08-12T17:23:29.856Z,110,1,false,-100,-2.2311283,-80.8614801
2026-08-12T17:23:29.861Z,110,3,true,-40,-2.2311283,-80.8614801
2026-08-12T17:23:32.233Z,110,6,false,-100,-2.2311289,-80.861473
2026-08-12T17:23:33.430Z,111,2,false,-100,-2.2311286,-80.8614726
2026-08-12T17:23:33.456Z,111,1,false,-100,-2.2311286,-80.8614726
2026-08-12T17:23:33.996Z,111,3,true,-40,-2.2311284,-80.8614729
2026-08-12T17:23:35.267Z,111,6,false,-100,-2.2311283,-80.8614722
2026-08-12T17:23:36.388Z,112,1,false,-100,-2.2311283,-80.8614718
2026-08-12T17:23:37.633Z,112,3,true,-45,-2.2311281,-80.8614713
2026-08-12T17:23:37.699Z,112,2,false,-100,-2.2311281,-80.8614713
2026-08-12T17:23:39.399Z,112,6,false,-100,-2.23113,-80.8614661
2026-08-12T17:23:41.423Z,113,2,false,-100,-2.2311499,-80.8614446
2026-08-12T17:23:41.439Z,113,1,false,-100,-2.2311499,-80.8614446
2026-08-12T17:23:42.662Z,113,3,true,-40,-2.2311785,-80.8614234
2026-08-12T17:23:42.705Z,113,6,false,-100,-2.2311785,-80.8614234
2026-08-12T17:23:45.432Z,114,2,false,-100,-2.2311869,-80.8614237
2026-08-12T17:23:45.442Z,114,1,false,-100,-2.2311869,-80.8614237
2026-08-12T17:23:46.658Z,114,3,true,-40,-2.2311878,-80.8614247
2026-08-12T17:23:46.698Z,114,6,false,-100,-2.2311878,-80.8614247
2026-08-12T17:23:48.882Z,115,1,false,-100,-2.2311906,-80.8614218
2026-08-12T17:23:49.506Z,115,2,false,-100,-2.2311908,-80.8614216
2026-08-12T17:23:49.514Z,115,3,true,-40,-2.2311908,-80.8614216
2026-08-12T17:23:50.451Z,115,6,false,-100,-2.2311906,-80.8614212